,S_Pedro,S_Santiago,S_Juan,S_Andrés,S_Bartolomé,S_Tiago,S_Isca,S_Tadeo,S_Mateo,S_Felipe,S_Simón,S_Tomás
2020-09-23 14:00:00,1.0,1.0,-1.0,0.0,0.0,-1.0,0.0,1.0,-1.0,1.0,-1.0,-1.0
2020-09-23 14:01:00,1.0,1.5,-1.5,-0.5,0.0,-1.0,0.5,0.5,-1.5,1.5,-1.0,-1.0
2020-09-23 14:02:00,1.0,1.6666666666666667,-1.3333333333333333,-1.0,0.0,-1.3333333333333333,0.3333333333333333,0.6666666666666666,-1.3333333333333333,2.0,-0.6666666666666666,-1.0
2020-09-23 14:03:00,0.75,1.75,-1.25,-1.0,-0.25,-1.75,0.0,0.5,-1.0,2.0,-0.5,-1.25
2020-09-23 14:04:00,0.4,1.6,-1.2,-0.8,-0.4,-1.8,-0.4,0.2,-0.8,2.2,-0.6,-1.2
2020-09-23 14:05:00,0.3333333333333333,1.3333333333333333,-1.0,-0.6666666666666666,-0.3333333333333333,-1.6666666666666667,-0.5,0.0,-0.8333333333333334,2.5,-0.6666666666666666,-1.0
2020-09-23 14:06:00,0.2857142857142857,1.2857142857142858,-0.7142857142857143,-0.42857142857142855,-0.42857142857142855,-1.7142857142857142,-0.42857142857142855,-0.14285714285714285,-1.0,2.857142857142857,-0.8571428571428571,-0.8571428571428571
2020-09-23 14:07:00,0.375,1.25,-0.5,-0.25,-0.375,-1.625,-0.25,-0.375,-1.25,3.0,-1.125,-0.875
2020-09-23 14:08:00,0.4444444444444444,1.1111111111111112,-0.2222222222222222,-0.2222222222222222,-0.3333333333333333,-1.5555555555555556,0.0,-0.5555555555555556,-1.5555555555555556,3.2222222222222223,-1.3333333333333333,-1.0
2020-09-23 14:09:00,0.6,1.0,0.1,-0.3,-0.3,-1.4,0.1,-0.7,-1.8,3.3,-1.6,-1.2
2020-09-23 14:10:00,0.6363636363636364,0.9090909090909091,0.45454545454545453,-0.36363636363636365,-0.18181818181818182,-1.1818181818181819,0.2727272727272727,-0.9090909090909091,-2.090909090909091,3.4545454545454546,-1.8181818181818181,-1.4545454545454546
2020-09-23 14:11:00,0.5833333333333334,0.9166666666666666,0.75,-0.4166666666666667,-0.16666666666666666,-0.9166666666666666,0.4166666666666667,-1.1666666666666667,-2.3333333333333335,3.5833333333333335,-1.9166666666666667,-1.5833333333333333
2020-09-23 14:12:00,0.5384615384615384,0.9230769230769231,1.0,-0.38461538461538464,-0.23076923076923078,-0.6923076923076923,0.6153846153846154,-1.3076923076923077,-2.6153846153846154,3.769230769230769,-2.076923076923077,-1.7692307692307692
2020-09-23 14:13:00,0.42857142857142855,0.8571428571428571,1.2857142857142858,-0.35714285714285715,-0.21428571428571427,-0.5,0.8571428571428571,-1.5,-2.9285714285714284,4.0,-2.2857142857142856,-2.0
2020-09-23 14:14:00,0.4,0.8,1.4666666666666666,-0.3333333333333333,-0.2,-0.4,1.1333333333333333,-1.7333333333333334,-3.1333333333333333,4.2,-2.466666666666667,-2.2
2020-09-23 14:15:00,0.3125,0.75,1.6875,-0.3125,-0.1875,-0.375,1.375,-1.9375,-3.3125,4.3125,-2.625,-2.375
2020-09-23 14:16:00,0.29411764705882354,0.6470588235294118,1.8823529411764706,-0.23529411764705882,-0.11764705882352941,-0.29411764705882354,1.588235294117647,-2.0588235294117645,-3.5294117647058822,4.352941176470588,-2.7058823529411766,-2.5294117647058822
2020-09-23 14:17:00,0.2777777777777778,0.6111111111111112,2.0,-0.16666666666666666,0.0,-0.2222222222222222,1.7222222222222223,-2.1666666666666665,-3.7222222222222223,4.444444444444445,-2.7222222222222223,-2.611111111111111
2020-09-23 14:18:00,0.3157894736842105,0.631578947368421,2.1052631578947367,-0.15789473684210525,0.05263157894736842,-0.15789473684210525,1.894736842105263,-2.3157894736842106,-3.8947368421052633,4.526315789473684,-2.736842105263158,-2.6315789473684212
2020-09-23 14:19:00,0.3,0.6,2.2,-0.15,0.05,-0.15,2.05,-2.4,-4.1,4.6,-2.7,-2.7
2020-09-23 14:20:00,0.3333333333333333,0.5238095238095238,2.2857142857142856,-0.09523809523809523,0.0,-0.09523809523809523,2.238095238095238,-2.5238095238095237,-4.333333333333333,4.619047619047619,-2.6666666666666665,-2.761904761904762
2020-09-23 14:21:00,0.36363636363636365,0.5,2.3181818181818183,0.0,-0.045454545454545456,-0.09090909090909091,2.409090909090909,-2.6818181818181817,-4.5,4.636363636363637,-2.590909090909091,-2.8181818181818183
2020-09-23 14:22:00,0.43478260869565216,0.43478260869565216,2.347826086956522,0.043478260869565216,-0.13043478260869565,-0.13043478260869565,2.608695652173913,-2.869565217391304,-4.608695652173913,4.6521739130434785,-2.5652173913043477,-2.9130434782608696
2020-09-23 14:23:00,0.5,0.3333333333333333,2.4166666666666665,0.125,-0.20833333333333334,-0.20833333333333334,2.8333333333333335,-3.0833333333333335,-4.708333333333333,4.625,-2.5833333333333335,-3.0416666666666665
2020-09-23 14:24:00,0.52,0.28,2.48,0.2,-0.28,-0.32,3.04,-3.24,-4.76,4.56,-2.56,-3.12
2020-09-23 14:25:00,0.5769230769230769,0.19230769230769232,2.576923076923077,0.3076923076923077,-0.34615384615384615,-0.4230769230769231,3.230769230769231,-3.3846153846153846,-4.846153846153846,4.461538461538462,-2.5,-3.230769230769231
2020-09-23 14:26:00,0.6296296296296297,0.07407407407407407,2.7037037037037037,0.37037037037037035,-0.4074074074074074,-0.5185185185185185,3.4444444444444446,-3.5185185185185186,-4.888888888888889,4.333333333333333,-2.4074074074074074,-3.3333333333333335
2020-09-23 14:27:00,0.6785714285714286,-0.03571428571428571,2.7857142857142856,0.39285714285714285,-0.4642857142857143,-0.5714285714285714,3.607142857142857,-3.642857142857143,-4.928571428571429,4.214285714285714,-2.2857142857142856,-3.4285714285714284
2020-09-23 14:28:00,0.6896551724137931,-0.10344827586206896,2.896551724137931,0.3793103448275862,-0.5517241379310345,-0.6551724137931034,3.793103448275862,-3.793103448275862,-4.931034482758621,4.137931034482759,-2.1379310344827585,-3.5172413793103448
2020-09-23 14:29:00,0.7333333333333333,-0.2,2.966666666666667,0.36666666666666664,-0.6666666666666666,-0.7666666666666667,3.966666666666667,-3.933333333333333,-4.966666666666667,4.033333333333333,-2.033333333333333,-3.6
2020-09-23 14:30:00,0.8064516129032258,-0.25806451612903225,3.0,0.3870967741935484,-0.7741935483870968,-0.9032258064516129,4.161290322580645,-4.032258064516129,-5.0,3.935483870967742,-1.935483870967742,-3.6774193548387095
2020-09-23 14:31:00,0.84375,-0.28125,3.0625,0.40625,-0.90625,-1.03125,4.3125,-4.125,-5.0,3.8125,-1.8125,-3.75
2020-09-23 14:32:00,0.8787878787878788,-0.2727272727272727,3.121212121212121,0.3939393939393939,-1.0303030303030303,-1.121212121212121,4.424242424242424,-4.242424242424242,-4.96969696969697,3.6666666666666665,-1.696969696969697,-3.8484848484848486
2020-09-23 14:33:00,0.8823529411764706,-0.23529411764705882,3.176470588235294,0.35294117647058826,-1.1176470588235294,-1.2058823529411764,4.5,-4.323529411764706,-4.911764705882353,3.5,-1.588235294117647,-3.9411764705882355
2020-09-23 14:34:00,0.9142857142857143,-0.17142857142857143,3.2,0.34285714285714286,-1.2,-1.2571428571428571,4.6,-4.4,-4.857142857142857,3.3714285714285714,-1.5142857142857142,-4.0285714285714285
2020-09-23 14:35:00,0.9722222222222222,-0.08333333333333333,3.25,0.3611111111111111,-1.25,-1.2777777777777777,4.722222222222222,-4.444444444444445,-4.833333333333333,3.25,-1.4166666666666667,-4.111111111111111
2020-09-23 14:36:00,1.027027027027027,-0.02702702702702703,3.324324324324324,0.40540540540540543,-1.2972972972972974,-1.2972972972972974,4.864864864864865,-4.45945945945946,-4.8108108108108105,3.1621621621621623,-1.2972972972972974,-4.1891891891891895
2020-09-23 14:37:00,1.0526315789473684,0.0,3.3684210526315788,0.47368421052631576,-1.368421052631579,-1.3157894736842106,5.0,-4.473684210526316,-4.7894736842105265,3.1052631578947367,-1.1578947368421053,-4.2894736842105265
2020-09-23 14:38:00,1.0512820512820513,0.05128205128205128,3.4358974358974357,0.5384615384615384,-1.4102564102564104,-1.3333333333333333,5.128205128205129,-4.461538461538462,-4.743589743589744,3.0256410256410255,-1.0256410256410255,-4.358974358974359
2020-09-23 14:39:00,1.075,0.075,3.5,0.6,-1.45,-1.325,5.25,-4.45,-4.675,2.925,-0.9,-4.4
2020-09-23 14:40:00,1.1219512195121952,0.0975609756097561,3.5853658536585367,0.6341463414634146,-1.4878048780487805,-1.3414634146341464,5.390243902439025,-4.414634146341464,-4.609756097560975,2.8048780487804876,-0.7804878048780488,-4.439024390243903
2020-09-23 14:41:00,1.1904761904761905,0.09523809523809523,3.642857142857143,0.6666666666666666,-1.5476190476190477,-1.3571428571428572,5.523809523809524,-4.357142857142857,-4.571428571428571,2.6666666666666665,-0.6428571428571429,-4.5
2020-09-23 14:42:00,1.2325581395348837,0.09302325581395349,3.697674418604651,0.7209302325581395,-1.627906976744186,-1.3953488372093024,5.674418604651163,-4.27906976744186,-4.558139534883721,2.5348837209302326,-0.4883720930232558,-4.534883720930233
2020-09-23 14:43:00,1.2727272727272727,0.06818181818181818,3.727272727272727,0.75,-1.7045454545454546,-1.4545454545454546,5.840909090909091,-4.2272727272727275,-4.568181818181818,2.409090909090909,-0.3181818181818182,-4.545454545454546
2020-09-23 14:44:00,1.288888888888889,0.022222222222222223,3.7555555555555555,0.8,-1.8,-1.488888888888889,6.0,-4.2,-4.555555555555555,2.311111111111111,-0.17777777777777778,-4.555555555555555
2020-09-23 14:45:00,1.3111111111111111,-0.06666666666666667,3.8666666666666667,0.8444444444444444,-1.9555555555555555,-1.5555555555555556,6.288888888888889,-4.311111111111111,-4.644444444444445,2.2666666666666666,-0.022222222222222223,-4.622222222222222
2020-09-23 14:46:00,1.3333333333333333,-0.2,4.0,0.9111111111111111,-2.1333333333333333,-1.6444444444444444,6.5777777777777775,-4.4,-4.688888888888889,2.1777777777777776,0.15555555555555556,-4.666666666666667
2020-09-23 14:47:00,1.3777777777777778,-0.3111111111111111,4.088888888888889,1.0222222222222221,-2.311111111111111,-1.6888888888888889,6.911111111111111,-4.533333333333333,-4.733333333333333,2.066666666666667,0.3111111111111111,-4.711111111111111
2020-09-23 14:48:00,1.4444444444444444,-0.4,4.177777777777778,1.1111111111111112,-2.488888888888889,-1.6888888888888889,7.2444444444444445,-4.644444444444445,-4.777777777777778,1.9777777777777779,0.4888888888888889,-4.733333333333333
2020-09-23 14:49:00,1.5555555555555556,-0.4444444444444444,4.288888888888889,1.2,-2.6666666666666665,-1.711111111111111,7.622222222222222,-4.711111111111111,-4.822222222222222,1.8666666666666667,0.7111111111111111,-4.777777777777778
2020-09-23 14:50:00,1.6666666666666667,-0.4888888888888889,4.355555555555555,1.288888888888889,-2.888888888888889,-1.7555555555555555,8.0,-4.8,-4.822222222222222,1.711111111111111,0.9333333333333333,-4.844444444444444
2020-09-23 14:51:00,1.7777777777777777,-0.5777777777777777,4.4,1.3555555555555556,-3.066666666666667,-1.8,8.355555555555556,-4.866666666666666,-4.8,1.5555555555555556,1.1555555555555554,-4.933333333333334
2020-09-23 14:52:00,1.8666666666666667,-0.6888888888888889,4.444444444444445,1.4,-3.2888888888888888,-1.8444444444444446,8.666666666666666,-4.888888888888889,-4.7555555555555555,1.4222222222222223,1.3777777777777778,-5.022222222222222
2020-09-23 14:53:00,1.9333333333333333,-0.7777777777777778,4.466666666666667,1.4444444444444444,-3.511111111111111,-1.8666666666666667,8.933333333333334,-4.911111111111111,-4.688888888888889,1.2666666666666666,1.5777777777777777,-5.066666666666666
2020-09-23 14:54:00,1.9555555555555555,-0.8888888888888888,4.444444444444445,1.511111111111111,-3.7111111111111112,-1.8888888888888888,9.2,-4.911111111111111,-4.644444444444445,1.1111111111111112,1.8222222222222222,-5.066666666666666
2020-09-23 14:55:00,2.022222222222222,-1.0,4.4,1.5555555555555556,-3.9555555555555557,-1.9333333333333333,9.466666666666667,-4.866666666666666,-4.5777777777777775,0.9555555555555556,2.066666666666667,-5.066666666666666
2020-09-23 14:56:00,2.111111111111111,-1.1333333333333333,4.377777777777778,1.5777777777777777,-4.177777777777778,-2.0,9.733333333333333,-4.822222222222222,-4.511111111111111,0.7777777777777778,2.2666666666666666,-5.111111111111111
2020-09-23 14:57:00,2.2222222222222223,-1.288888888888889,4.333333333333333,1.6,-4.4,-2.066666666666667,9.977777777777778,-4.8,-4.4222222222222225,0.6,2.488888888888889,-5.155555555555556
2020-09-23 14:58:00,2.3777777777777778,-1.4,4.288888888888889,1.6222222222222222,-4.644444444444445,-2.1555555555555554,10.177777777777777,-4.7555555555555555,-4.333333333333333,0.37777777777777777,2.7333333333333334,-5.155555555555556
2020-09-23 14:59:00,2.488888888888889,-1.511111111111111,4.2444444444444445,1.6222222222222222,-4.911111111111111,-2.2,10.333333333333334,-4.666666666666667,-4.288888888888889,0.15555555555555556,2.977777777777778,-5.177777777777778
2020-09-23 15:00:00,2.6222222222222222,-1.6444444444444444,4.2,1.6,-5.2,-2.2222222222222223,10.488888888888889,-4.6,-4.2444444444444445,-0.044444444444444446,3.2222222222222223,-5.177777777777778
2020-09-23 15:01:00,2.7111111111111112,-1.7333333333333334,4.155555555555556,1.5555555555555556,-5.488888888888889,-2.2444444444444445,10.622222222222222,-4.5777777777777775,-4.2,-0.2222222222222222,3.4444444444444446,-5.155555555555556
2020-09-23 15:02:00,2.7777777777777777,-1.8666666666666667,4.133333333333334,1.511111111111111,-5.822222222222222,-2.2666666666666666,10.8,-4.555555555555555,-4.177777777777778,-0.4444444444444444,3.6222222222222222,-5.177777777777778
2020-09-23 15:03:00,2.8444444444444446,-2.0,4.088888888888889,1.488888888888889,-6.155555555555556,-2.2888888888888888,10.955555555555556,-4.511111111111111,-4.133333333333334,-0.6444444444444445,3.7777777777777777,-5.2
2020-09-23 15:04:00,2.911111111111111,-2.111111111111111,4.022222222222222,1.4666666666666666,-6.444444444444445,-2.2666666666666666,11.088888888888889,-4.488888888888889,-4.044444444444444,-0.8666666666666667,3.888888888888889,-5.177777777777778
2020-09-23 15:05:00,2.977777777777778,-2.2222222222222223,3.9555555555555557,1.4444444444444444,-6.733333333333333,-2.2888888888888888,11.222222222222221,-4.4222222222222225,-3.9555555555555557,-1.0444444444444445,4.022222222222222,-5.177777777777778
2020-09-23 15:06:00,3.022222222222222,-2.3555555555555556,3.888888888888889,1.3777777777777778,-7.044444444444444,-2.2666666666666666,11.333333333333334,-4.355555555555555,-3.911111111111111,-1.2222222222222223,4.133333333333334,-5.2
2020-09-23 15:07:00,3.0444444444444443,-2.488888888888889,3.8,1.3333333333333333,-7.333333333333333,-2.2444444444444445,11.444444444444445,-4.2444444444444445,-3.911111111111111,-1.4222222222222223,4.288888888888889,-5.177777777777778
2020-09-23 15:08:00,3.0444444444444443,-2.6222222222222222,3.6666666666666665,1.2444444444444445,-7.622222222222222,-2.2222222222222223,11.555555555555555,-4.111111111111111,-3.888888888888889,-1.5777777777777777,4.466666666666667,-5.133333333333334
2020-09-23 15:09:00,3.0444444444444443,-2.7777777777777777,3.533333333333333,1.1555555555555554,-7.933333333333334,-2.2,11.644444444444444,-4.022222222222222,-3.888888888888889,-1.7333333333333334,4.6,-5.111111111111111
2020-09-23 15:10:00,3.0,-2.888888888888889,3.4,1.0444444444444445,-8.222222222222221,-2.2,11.755555555555556,-3.9555555555555557,-3.8666666666666667,-1.8444444444444446,4.688888888888889,-5.044444444444444
2020-09-23 15:11:00,2.977777777777778,-2.9555555555555557,3.2222222222222223,0.9777777777777777,-8.511111111111111,-2.1777777777777776,11.844444444444445,-3.888888888888889,-3.8444444444444446,-1.9333333333333333,4.733333333333333,-5.0
2020-09-23 15:12:00,2.9555555555555557,-3.0,3.088888888888889,0.9333333333333333,-8.777777777777779,-2.1555555555555554,11.955555555555556,-3.8444444444444446,-3.8,-2.022222222222222,4.733333333333333,-4.933333333333334
2020-09-23 15:13:00,2.977777777777778,-3.0444444444444443,2.911111111111111,0.9111111111111111,-9.022222222222222,-2.111111111111111,12.044444444444444,-3.7777777777777777,-3.7555555555555555,-2.1333333333333333,4.711111111111111,-4.866666666666666
2020-09-23 15:14:00,2.9555555555555557,-3.0444444444444443,2.7555555555555555,0.8666666666666667,-9.266666666666667,-2.022222222222222,12.11111111111111,-3.688888888888889,-3.7111111111111112,-2.2444444444444445,4.688888888888889,-4.822222222222222
2020-09-23 15:15:00,2.933333333333333,-3.088888888888889,2.6,0.8,-9.488888888888889,-1.8888888888888888,12.177777777777777,-3.6222222222222222,-3.688888888888889,-2.3333333333333335,4.666666666666667,-4.7555555555555555
2020-09-23 15:16:00,2.933333333333333,-3.1555555555555554,2.422222222222222,0.7333333333333333,-9.688888888888888,-1.7333333333333334,12.244444444444444,-3.533333333333333,-3.7111111111111112,-2.422222222222222,4.6,-4.688888888888889
2020-09-23 15:17:00,2.933333333333333,-3.2444444444444445,2.2666666666666666,0.7111111111111111,-9.88888888888889,-1.6,12.333333333333334,-3.422222222222222,-3.7333333333333334,-2.488888888888889,4.555555555555555,-4.622222222222222
2020-09-23 15:18:00,2.933333333333333,-3.3777777777777778,2.111111111111111,0.7333333333333333,-10.133333333333333,-1.4444444444444444,12.444444444444445,-3.3333333333333335,-3.7555555555555555,-2.533333333333333,4.488888888888889,-4.533333333333333
2020-09-23 15:19:00,2.888888888888889,-3.533333333333333,2.0,0.7555555555555555,-10.377777777777778,-1.3333333333333333,12.533333333333333,-3.2222222222222223,-3.7777777777777777,-2.6222222222222222,4.4222222222222225,-4.466666666666667
2020-09-23 15:20:00,2.8444444444444446,-3.7111111111111112,1.8444444444444446,0.7555555555555555,-10.666666666666666,-1.2666666666666666,12.577777777777778,-3.1333333333333333,-3.7555555555555555,-2.7111111111111112,4.311111111111111,-4.4222222222222225
2020-09-23 15:21:00,2.8222222222222224,-3.8666666666666667,1.6666666666666667,0.7111111111111111,-10.955555555555556,-1.2222222222222223,12.577777777777778,-3.088888888888889,-3.7333333333333334,-2.8,4.155555555555556,-4.355555555555555
2020-09-23 15:22:00,2.8222222222222224,-4.022222222222222,1.488888888888889,0.6222222222222222,-11.222222222222221,-1.1777777777777778,12.6,-3.022222222222222,-3.688888888888889,-2.888888888888889,3.9555555555555557,-4.288888888888889
2020-09-23 15:23:00,2.8222222222222224,-4.2,1.3111111111111111,0.5555555555555556,-11.511111111111111,-1.1333333333333333,12.644444444444444,-2.9555555555555557,-3.688888888888889,-2.933333333333333,3.7777777777777777,-4.266666666666667
2020-09-23 15:24:00,2.7777777777777777,-4.355555555555555,1.1555555555555554,0.4888888888888889,-11.822222222222223,-1.1111111111111112,12.71111111111111,-2.8666666666666667,-3.7333333333333334,-2.9555555555555557,3.577777777777778,-4.2444444444444445
2020-09-23 15:25:00,2.7111111111111112,-4.488888888888889,0.9555555555555556,0.4666666666666667,-12.133333333333333,-1.0888888888888888,12.733333333333333,-2.7777777777777777,-3.7777777777777777,-2.9555555555555557,3.3555555555555556,-4.2
2020-09-23 15:26:00,2.6,-4.5777777777777775,0.8,0.4222222222222222,-12.444444444444445,-1.0666666666666667,12.755555555555556,-2.688888888888889,-3.7777777777777777,-2.911111111111111,3.1333333333333333,-4.111111111111111
2020-09-23 15:27:00,2.511111111111111,-4.688888888888889,0.6666666666666666,0.35555555555555557,-12.755555555555556,-1.0222222222222221,12.755555555555556,-2.6222222222222222,-3.7333333333333334,-2.8666666666666667,2.8666666666666667,-4.022222222222222
2020-09-23 15:28:00,2.4444444444444446,-4.7555555555555555,0.5777777777777777,0.3333333333333333,-13.066666666666666,-0.9333333333333333,12.755555555555556,-2.533333333333333,-3.688888888888889,-2.8222222222222224,2.5555555555555554,-3.9555555555555557
2020-09-23 15:29:00,2.3777777777777778,-4.8,0.4666666666666667,0.3111111111111111,-13.377777777777778,-0.8666666666666667,12.755555555555556,-2.4444444444444446,-3.6666666666666665,-2.8,2.2888888888888888,-3.888888888888889
2020-09-23 15:30:00,2.3333333333333335,-4.822222222222222,0.37777777777777777,0.3333333333333333,-13.688888888888888,-0.7777777777777778,12.777777777777779,-2.3333333333333335,-3.6222222222222222,-2.8222222222222224,2.0444444444444443,-3.8666666666666667
2020-09-23 15:31:00,2.2888888888888888,-4.822222222222222,0.3111111111111111,0.3333333333333333,-13.977777777777778,-0.6888888888888889,12.755555555555556,-2.2444444444444445,-3.577777777777778,-2.8222222222222224,1.8,-3.8666666666666667
2020-09-23 15:32:00,2.2222222222222223,-4.866666666666666,0.26666666666666666,0.3111111111111111,-14.28888888888889,-0.6222222222222222,12.733333333333333,-2.1333333333333333,-3.577777777777778,-2.8444444444444446,1.5777777777777777,-3.8666666666666667
2020-09-23 15:33:00,2.1555555555555554,-4.933333333333334,0.2,0.28888888888888886,-14.555555555555555,-0.6,12.71111111111111,-2.022222222222222,-3.577777777777778,-2.888888888888889,1.3333333333333333,-3.8444444444444446
2020-09-23 15:34:00,2.088888888888889,-5.022222222222222,0.1111111111111111,0.2222222222222222,-14.844444444444445,-0.5777777777777777,12.666666666666666,-1.9333333333333333,-3.577777777777778,-2.911111111111111,1.0888888888888888,-3.8
2020-09-23 15:35:00,2.0,-5.088888888888889,0.044444444444444446,0.13333333333333333,-15.088888888888889,-0.5555555555555556,12.622222222222222,-1.8222222222222222,-3.577777777777778,-2.933333333333333,0.8666666666666667,-3.7555555555555555
2020-09-23 15:36:00,1.9111111111111112,-5.111111111111111,-0.022222222222222223,0.06666666666666667,-15.333333333333334,-0.4888888888888889,12.577777777777778,-1.711111111111111,-3.5555555555555554,-2.977777777777778,0.6666666666666666,-3.688888888888889
2020-09-23 15:37:00,1.8,-5.111111111111111,-0.08888888888888889,0.044444444444444446,-15.555555555555555,-0.4666666666666667,12.533333333333333,-1.6444444444444444,-3.533333333333333,-3.022222222222222,0.5111111111111111,-3.6222222222222222
2020-09-23 15:38:00,1.7333333333333334,-5.111111111111111,-0.15555555555555556,0.022222222222222223,-15.8,-0.4444444444444444,12.488888888888889,-1.5555555555555556,-3.511111111111111,-3.066666666666667,0.4,-3.5555555555555554
2020-09-23 15:39:00,1.711111111111111,-5.066666666666666,-0.2,-0.022222222222222223,-16.066666666666666,-0.4666666666666667,12.444444444444445,-1.4666666666666666,-3.488888888888889,-3.066666666666667,0.28888888888888886,-3.533333333333333
2020-09-23 15:40:00,1.6444444444444444,-5.044444444444444,-0.24444444444444444,-0.022222222222222223,-16.333333333333332,-0.4888888888888889,12.377777777777778,-1.4,-3.466666666666667,-3.088888888888889,0.2,-3.488888888888889
2020-09-23 15:41:00,1.6,-5.044444444444444,-0.3333333333333333,0.022222222222222223,-16.622222222222224,-0.5333333333333333,12.311111111111112,-1.288888888888889,-3.466666666666667,-3.111111111111111,0.1111111111111111,-3.4444444444444446
2020-09-23 15:42:00,1.511111111111111,-5.022222222222222,-0.4222222222222222,0.022222222222222223,-16.91111111111111,-0.6,12.244444444444444,-1.2,-3.488888888888889,-3.1777777777777776,0.022222222222222223,-3.3777777777777778
2020-09-23 15:43:00,1.4222222222222223,-5.044444444444444,-0.5111111111111111,0.044444444444444446,-17.2,-0.6222222222222222,12.2,-1.0888888888888888,-3.511111111111111,-3.2444444444444445,-0.044444444444444446,-3.3555555555555556
2020-09-23 15:44:00,1.3555555555555556,-5.066666666666666,-0.6,0.1111111111111111,-17.488888888888887,-0.6444444444444445,12.177777777777777,-1.0,-3.511111111111111,-3.2888888888888888,-0.13333333333333333,-3.3333333333333335
2020-09-23 15:45:00,1.2666666666666666,-5.044444444444444,-0.6888888888888889,0.2,-17.755555555555556,-0.6444444444444445,12.133333333333333,-0.8666666666666667,-3.511111111111111,-3.311111111111111,-0.2222222222222222,-3.311111111111111
2020-09-23 15:46:00,1.1777777777777778,-5.044444444444444,-0.8,0.28888888888888886,-18.044444444444444,-0.6666666666666666,12.133333333333333,-0.6888888888888889,-3.511111111111111,-3.3333333333333335,-0.28888888888888886,-3.2888888888888888
2020-09-23 15:47:00,1.0888888888888888,-5.044444444444444,-0.8888888888888888,0.35555555555555557,-18.333333333333332,-0.6666666666666666,12.11111111111111,-0.4888888888888889,-3.466666666666667,-3.311111111111111,-0.3333333333333333,-3.2444444444444445
2020-09-23 15:48:00,1.0,-5.044444444444444,-0.9333333333333333,0.4,-18.6,-0.6666666666666666,12.066666666666666,-0.26666666666666666,-3.422222222222222,-3.3333333333333335,-0.35555555555555557,-3.2444444444444445
2020-09-23 15:49:00,0.9555555555555556,-5.044444444444444,-0.9555555555555556,0.4666666666666667,-18.88888888888889,-0.6888888888888889,12.022222222222222,-0.06666666666666667,-3.422222222222222,-3.3555555555555556,-0.37777777777777777,-3.2888888888888888
2020-09-23 15:50:00,0.8666666666666667,-5.022222222222222,-0.9555555555555556,0.5333333333333333,-19.155555555555555,-0.6888888888888889,11.933333333333334,0.13333333333333333,-3.3777777777777778,-3.3777777777777778,-0.4,-3.2888888888888888
2020-09-23 15:51:00,0.8222222222222222,-5.0,-0.9111111111111111,0.6,-19.4,-0.6888888888888889,11.844444444444445,0.3333333333333333,-3.311111111111111,-3.4,-0.4,-3.2888888888888888
2020-09-23 15:52:00,0.7555555555555555,-4.955555555555556,-0.8222222222222222,0.6666666666666666,-19.622222222222224,-0.6666666666666666,11.755555555555556,0.4888888888888889,-3.2222222222222223,-3.3777777777777778,-0.4,-3.3333333333333335
2020-09-23 15:53:00,0.7333333333333333,-4.911111111111111,-0.7333333333333333,0.7777777777777778,-19.866666666666667,-0.6444444444444445,11.644444444444444,0.6444444444444445,-3.1555555555555554,-3.3777777777777778,-0.4,-3.4
2020-09-23 15:54:00,0.7555555555555555,-4.844444444444444,-0.6222222222222222,0.8666666666666667,-20.11111111111111,-0.6222222222222222,11.577777777777778,0.8222222222222222,-3.088888888888889,-3.3333333333333335,-0.35555555555555557,-3.4444444444444446
2020-09-23 15:55:00,0.8,-4.777777777777778,-0.5111111111111111,0.9555555555555556,-20.377777777777776,-0.6,11.466666666666667,1.0444444444444445,-3.022222222222222,-3.2888888888888888,-0.28888888888888886,-3.511111111111111
2020-09-23 15:56:00,0.8,-4.733333333333333,-0.37777777777777777,1.0,-20.644444444444446,-0.5777777777777777,11.333333333333334,1.2444444444444445,-3.0,-3.2222222222222223,-0.17777777777777778,-3.577777777777778
2020-09-23 15:57:00,0.7777777777777778,-4.733333333333333,-0.26666666666666666,1.0666666666666667,-20.955555555555556,-0.6,11.177777777777777,1.488888888888889,-2.977777777777778,-3.1555555555555554,-0.022222222222222223,-3.6666666666666665
2020-09-23 15:58:00,0.7555555555555555,-4.777777777777778,-0.13333333333333333,1.1333333333333333,-21.244444444444444,-0.6,11.044444444444444,1.711111111111111,-3.0,-3.111111111111111,0.15555555555555556,-3.7555555555555555
2020-09-23 15:59:00,0.7777777777777778,-4.822222222222222,0.022222222222222223,1.2444444444444445,-21.488888888888887,-0.6,10.911111111111111,1.9333333333333333,-2.977777777777778,-3.066666666666667,0.35555555555555557,-3.8
2020-09-23 16:00:00,0.7777777777777778,-4.822222222222222,0.2,1.3555555555555556,-21.733333333333334,-0.6222222222222222,10.777777777777779,2.1555555555555554,-2.933333333333333,-3.022222222222222,0.5555555555555556,-3.8444444444444446
2020-09-23 16:01:00,0.7555555555555555,-4.822222222222222,0.37777777777777777,1.4666666666666666,-21.955555555555556,-0.6888888888888889,10.644444444444444,2.3777777777777778,-2.8666666666666667,-2.977777777777778,0.8,-3.888888888888889
2020-09-23 16:02:00,0.7111111111111111,-4.822222222222222,0.5333333333333333,1.5777777777777777,-22.2,-0.7555555555555555,10.511111111111111,2.6,-2.8222222222222224,-2.911111111111111,1.0,-3.933333333333333
2020-09-23 16:03:00,0.6888888888888889,-4.8,0.6888888888888889,1.6444444444444444,-22.42222222222222,-0.8444444444444444,10.4,2.8222222222222224,-2.8222222222222224,-2.8666666666666667,1.2222222222222223,-4.0
2020-09-23 16:04:00,0.6888888888888889,-4.8,0.8222222222222222,1.6888888888888889,-22.644444444444446,-0.9111111111111111,10.28888888888889,3.0444444444444443,-2.8222222222222224,-2.7777777777777777,1.4666666666666666,-4.066666666666666
2020-09-23 16:05:00,0.6444444444444445,-4.777777777777778,0.9777777777777777,1.711111111111111,-22.844444444444445,-0.9777777777777777,10.2,3.2666666666666666,-2.8666666666666667,-2.7111111111111112,1.7333333333333334,-4.111111111111111
2020-09-23 16:06:00,0.5555555555555556,-4.7555555555555555,1.1111111111111112,1.7777777777777777,-23.066666666666666,-1.0444444444444445,10.155555555555555,3.488888888888889,-2.933333333333333,-2.688888888888889,2.0,-4.2
2020-09-23 16:07:00,0.4888888888888889,-4.688888888888889,1.2444444444444445,1.8666666666666667,-23.288888888888888,-1.0888888888888888,10.088888888888889,3.7111111111111112,-3.0,-2.6666666666666665,2.2888888888888888,-4.288888888888889
2020-09-23 16:08:00,0.4222222222222222,-4.644444444444445,1.3777777777777778,1.9555555555555555,-23.533333333333335,-1.1333333333333333,10.0,3.933333333333333,-3.0444444444444443,-2.6444444444444444,2.533333333333333,-4.377777777777778
2020-09-23 16:09:00,0.4,-4.5777777777777775,1.4666666666666666,2.022222222222222,-23.755555555555556,-1.1777777777777778,9.866666666666667,4.155555555555556,-3.066666666666667,-2.6444444444444444,2.8222222222222224,-4.466666666666667
2020-09-23 16:10:00,0.4,-4.511111111111111,1.5555555555555556,2.066666666666667,-23.977777777777778,-1.2,9.777777777777779,4.333333333333333,-3.088888888888889,-2.6222222222222222,3.1333333333333333,-4.6
2020-09-23 16:11:00,0.4,-4.488888888888889,1.6222222222222222,2.1333333333333333,-24.177777777777777,-1.2,9.666666666666666,4.511111111111111,-3.1333333333333333,-2.6,3.422222222222222,-4.7555555555555555
2020-09-23 16:12:00,0.37777777777777777,-4.4222222222222225,1.6444444444444444,2.2222222222222223,-24.333333333333332,-1.2222222222222223,9.555555555555555,4.666666666666667,-3.1777777777777776,-2.5555555555555554,3.7111111111111112,-4.933333333333334
2020-09-23 16:13:00,0.3111111111111111,-4.377777777777778,1.6444444444444444,2.2666666666666666,-24.488888888888887,-1.288888888888889,9.444444444444445,4.822222222222222,-3.2222222222222223,-2.533333333333333,4.044444444444444,-5.133333333333334
2020-09-23 16:14:00,0.24444444444444444,-4.355555555555555,1.6444444444444444,2.2666666666666666,-24.6,-1.3555555555555556,9.355555555555556,4.977777777777778,-3.2444444444444445,-2.488888888888889,4.377777777777778,-5.333333333333333
2020-09-23 16:15:00,0.15555555555555556,-4.311111111111111,1.6444444444444444,2.2666666666666666,-24.711111111111112,-1.4222222222222223,9.222222222222221,5.155555555555556,-3.2444444444444445,-2.4,4.711111111111111,-5.488888888888889
2020-09-23 16:16:00,0.08888888888888889,-4.2444444444444445,1.6222222222222222,2.2666666666666666,-24.822222222222223,-1.4444444444444444,9.11111111111111,5.333333333333333,-3.2666666666666666,-2.311111111111111,5.044444444444444,-5.666666666666667
2020-09-23 16:17:00,0.0,-4.177777777777778,1.6222222222222222,2.2888888888888888,-24.91111111111111,-1.4666666666666666,8.977777777777778,5.533333333333333,-3.2666666666666666,-2.2222222222222223,5.377777777777778,-5.866666666666666
2020-09-23 16:18:00,-0.06666666666666667,-4.133333333333334,1.6666666666666667,2.311111111111111,-25.0,-1.4444444444444444,8.88888888888889,5.7555555555555555,-3.2888888888888888,-2.088888888888889,5.711111111111111,-6.088888888888889
2020-09-23 16:19:00,-0.17777777777777778,-4.066666666666666,1.711111111111111,2.3333333333333335,-25.044444444444444,-1.4,8.822222222222223,5.955555555555556,-3.2888888888888888,-2.0,6.022222222222222,-6.311111111111111
2020-09-23 16:20:00,-0.28888888888888886,-4.022222222222222,1.7777777777777777,2.4,-25.08888888888889,-1.3555555555555556,8.71111111111111,6.177777777777778,-3.311111111111111,-1.8666666666666667,6.333333333333333,-6.533333333333333
2020-09-23 16:21:00,-0.37777777777777777,-3.977777777777778,1.8222222222222222,2.4444444444444446,-25.177777777777777,-1.3333333333333333,8.577777777777778,6.355555555555555,-3.3333333333333335,-1.7555555555555555,6.644444444444445,-6.777777777777778
2020-09-23 16:22:00,-0.4222222222222222,-3.911111111111111,1.8666666666666667,2.4444444444444446,-25.266666666666666,-1.2666666666666666,8.488888888888889,6.533333333333333,-3.3555555555555556,-1.6222222222222222,6.955555555555556,-7.022222222222222
2020-09-23 16:23:00,-0.4666666666666667,-3.8666666666666667,1.8888888888888888,2.466666666666667,-25.333333333333332,-1.2,8.422222222222222,6.711111111111111,-3.4,-1.488888888888889,7.2444444444444445,-7.266666666666667
2020-09-23 16:24:00,-0.5111111111111111,-3.8222222222222224,1.8888888888888888,2.488888888888889,-25.377777777777776,-1.1333333333333333,8.377777777777778,6.866666666666666,-3.4444444444444446,-1.3555555555555556,7.511111111111111,-7.466666666666667
2020-09-23 16:25:00,-0.5555555555555556,-3.7555555555555555,1.9111111111111112,2.511111111111111,-25.377777777777776,-1.0888888888888888,8.311111111111112,7.0,-3.466666666666667,-1.2444444444444445,7.733333333333333,-7.644444444444445
2020-09-23 16:26:00,-0.6444444444444445,-3.688888888888889,1.9555555555555555,2.488888888888889,-25.333333333333332,-1.0444444444444445,8.266666666666667,7.088888888888889,-3.466666666666667,-1.1333333333333333,7.977777777777778,-7.822222222222222
2020-09-23 16:27:00,-0.7111111111111111,-3.6,2.022222222222222,2.466666666666667,-25.266666666666666,-0.9777777777777777,8.222222222222221,7.222222222222222,-3.4444444444444446,-0.9777777777777777,8.2,-8.0
2020-09-23 16:28:00,-0.7777777777777778,-3.466666666666667,2.066666666666667,2.4,-25.177777777777777,-0.9111111111111111,8.155555555555555,7.355555555555555,-3.3777777777777778,-0.8222222222222222,8.422222222222222,-8.155555555555555
2020-09-23 16:29:00,-0.8444444444444444,-3.311111111111111,2.111111111111111,2.2888888888888888,-25.08888888888889,-0.8888888888888888,8.066666666666666,7.488888888888889,-3.2888888888888888,-0.6888888888888889,8.688888888888888,-8.28888888888889
2020-09-23 16:30:00,-0.8666666666666667,-3.1555555555555554,2.111111111111111,2.2,-25.022222222222222,-0.8888888888888888,7.977777777777778,7.622222222222222,-3.2,-0.5555555555555556,8.955555555555556,-8.466666666666667
2020-09-23 16:31:00,-0.8888888888888888,-3.0,2.1555555555555554,2.111111111111111,-24.933333333333334,-0.8888888888888888,7.844444444444444,7.733333333333333,-3.088888888888889,-0.4444444444444444,9.222222222222221,-8.644444444444444
2020-09-23 16:32:00,-0.8888888888888888,-2.8222222222222224,2.1555555555555554,2.0444444444444443,-24.844444444444445,-0.9111111111111111,7.733333333333333,7.844444444444444,-2.977777777777778,-0.3333333333333333,9.466666666666667,-8.844444444444445
2020-09-23 16:33:00,-0.8888888888888888,-2.6666666666666665,2.1333333333333333,2.022222222222222,-24.733333333333334,-0.9333333333333333,7.644444444444445,7.933333333333334,-2.888888888888889,-0.2,9.688888888888888,-9.022222222222222
2020-09-23 16:34:00,-0.9111111111111111,-2.511111111111111,2.1333333333333333,1.9555555555555555,-24.6,-0.9333333333333333,7.6,8.022222222222222,-2.7555555555555555,-0.022222222222222223,9.911111111111111,-9.155555555555555
2020-09-23 16:35:00,-0.9333333333333333,-2.3777777777777778,2.111111111111111,1.8444444444444446,-24.444444444444443,-0.9555555555555556,7.555555555555555,8.088888888888889,-2.6666666666666665,0.1111111111111111,10.11111111111111,-9.28888888888889
2020-09-23 16:36:00,-0.9777777777777777,-2.2222222222222223,2.066666666666667,1.7333333333333334,-24.31111111111111,-1.0222222222222221,7.511111111111111,8.155555555555555,-2.6,0.26666666666666666,10.266666666666667,-9.4
2020-09-23 16:37:00,-0.9777777777777777,-2.0444444444444443,2.022222222222222,1.6444444444444444,-24.22222222222222,-1.1111111111111112,7.444444444444445,8.222222222222221,-2.5555555555555554,0.4,10.422222222222222,-9.466666666666667
2020-09-23 16:38:00,-1.0,-1.8666666666666667,1.9777777777777779,1.5333333333333334,-24.133333333333333,-1.1555555555555554,7.4,8.266666666666667,-2.488888888888889,0.5333333333333333,10.6,-9.533333333333333
2020-09-23 16:39:00,-1.0222222222222221,-1.6888888888888889,1.9111111111111112,1.4444444444444444,-24.044444444444444,-1.1555555555555554,7.355555555555555,8.311111111111112,-2.4444444444444446,0.6666666666666666,10.733333333333333,-9.622222222222222
2020-09-23 16:40:00,-1.0444444444444445,-1.511111111111111,1.8,1.3777777777777778,-23.955555555555556,-1.1333333333333333,7.355555555555555,8.311111111111112,-2.4,0.7555555555555555,10.844444444444445,-9.71111111111111
2020-09-23 16:41:00,-1.0444444444444445,-1.3333333333333333,1.711111111111111,1.3555555555555556,-23.88888888888889,-1.1333333333333333,7.355555555555555,8.355555555555556,-2.3333333333333335,0.8,10.933333333333334,-9.777777777777779
2020-09-23 16:42:00,-1.0222222222222221,-1.1333333333333333,1.6,1.3333333333333333,-23.822222222222223,-1.1333333333333333,7.355555555555555,8.4,-2.2666666666666666,0.8666666666666667,11.0,-9.844444444444445
2020-09-23 16:43:00,-1.0444444444444445,-0.9333333333333333,1.4666666666666666,1.288888888888889,-23.8,-1.1777777777777778,7.311111111111111,8.488888888888889,-2.1555555555555554,0.9777777777777777,11.022222222222222,-9.88888888888889
2020-09-23 16:44:00,-1.0666666666666667,-0.7777777777777778,1.3111111111111111,1.2,-23.77777777777778,-1.2444444444444445,7.288888888888889,8.533333333333333,-2.0444444444444443,1.1333333333333333,11.044444444444444,-9.955555555555556
2020-09-23 16:45:00,-1.0888888888888888,-0.6222222222222222,1.1777777777777778,1.1111111111111112,-23.77777777777778,-1.3111111111111111,7.222222222222222,8.6,-1.9333333333333333,1.2666666666666666,11.044444444444444,-10.066666666666666
2020-09-23 16:46:00,-1.1111111111111112,-0.4666666666666667,1.0444444444444445,1.0222222222222221,-23.77777777777778,-1.3777777777777778,7.2,8.666666666666666,-1.8444444444444446,1.4,11.022222222222222,-10.155555555555555
2020-09-23 16:47:00,-1.0888888888888888,-0.3111111111111111,0.9333333333333333,0.9111111111111111,-23.755555555555556,-1.4222222222222223,7.177777777777778,8.755555555555556,-1.7777777777777777,1.488888888888889,11.044444444444444,-10.244444444444444
2020-09-23 16:48:00,-1.0444444444444445,-0.15555555555555556,0.8,0.8444444444444444,-23.755555555555556,-1.488888888888889,7.155555555555556,8.844444444444445,-1.711111111111111,1.6222222222222222,11.088888888888889,-10.355555555555556
2020-09-23 16:49:00,-0.9777777777777777,0.0,0.6666666666666666,0.7777777777777778,-23.733333333333334,-1.5555555555555556,7.155555555555556,8.88888888888889,-1.6444444444444444,1.7333333333333334,11.133333333333333,-10.422222222222222
2020-09-23 16:50:00,-0.9111111111111111,0.1111111111111111,0.5555555555555556,0.7333333333333333,-23.733333333333334,-1.6222222222222222,7.155555555555556,8.933333333333334,-1.5333333333333334,1.8888888888888888,11.155555555555555,-10.488888888888889
2020-09-23 16:51:00,-0.8222222222222222,0.24444444444444444,0.4444444444444444,0.6888888888888889,-23.711111111111112,-1.6666666666666667,7.111111111111111,9.0,-1.4222222222222223,2.066666666666667,11.222222222222221,-10.555555555555555
2020-09-23 16:52:00,-0.7555555555555555,0.3333333333333333,0.35555555555555557,0.6444444444444445,-23.68888888888889,-1.7333333333333334,7.088888888888889,9.044444444444444,-1.3111111111111111,2.2444444444444445,11.266666666666667,-10.577777777777778
2020-09-23 16:53:00,-0.6666666666666666,0.4444444444444444,0.2222222222222222,0.6,-23.644444444444446,-1.7777777777777777,7.088888888888889,9.044444444444444,-1.2,2.4,11.311111111111112,-10.6
2020-09-23 16:54:00,-0.6,0.5555555555555556,0.13333333333333333,0.5777777777777777,-23.6,-1.8,7.133333333333334,9.0,-1.0666666666666667,2.5555555555555554,11.311111111111112,-10.622222222222222
2020-09-23 16:55:00,-0.5333333333333333,0.6222222222222222,0.044444444444444446,0.5333333333333333,-23.57777777777778,-1.8444444444444446,7.155555555555556,8.977777777777778,-0.9111111111111111,2.6666666666666665,11.311111111111112,-10.622222222222222
2020-09-23 16:56:00,-0.4222222222222222,0.7111111111111111,-0.044444444444444446,0.5111111111111111,-23.533333333333335,-1.8888888888888888,7.2,8.955555555555556,-0.7555555555555555,2.7555555555555555,11.311111111111112,-10.644444444444444
2020-09-23 16:57:00,-0.3111111111111111,0.7555555555555555,-0.08888888888888889,0.4444444444444444,-23.511111111111113,-1.8888888888888888,7.266666666666667,8.977777777777778,-0.6444444444444445,2.8444444444444446,11.333333333333334,-10.644444444444444
2020-09-23 16:58:00,-0.17777777777777778,0.8222222222222222,-0.1111111111111111,0.4,-23.488888888888887,-1.8666666666666667,7.333333333333333,9.0,-0.5333333333333333,2.977777777777778,11.311111111111112,-10.6
2020-09-23 16:59:00,-0.022222222222222223,0.8888888888888888,-0.13333333333333333,0.4,-23.466666666666665,-1.8222222222222222,7.355555555555555,9.022222222222222,-0.4666666666666667,3.088888888888889,11.244444444444444,-10.533333333333333
2020-09-23 17:00:00,0.13333333333333333,0.9555555555555556,-0.15555555555555556,0.37777777777777777,-23.444444444444443,-1.7555555555555555,7.4222222222222225,9.022222222222222,-0.4,3.1555555555555554,11.155555555555555,-10.511111111111111
2020-09-23 17:01:00,0.26666666666666666,0.9777777777777777,-0.15555555555555556,0.35555555555555557,-23.42222222222222,-1.7333333333333334,7.466666666666667,9.066666666666666,-0.35555555555555557,3.2222222222222223,11.044444444444444,-10.466666666666667
2020-09-23 17:02:00,0.4,1.0444444444444445,-0.17777777777777778,0.3111111111111111,-23.42222222222222,-1.7333333333333334,7.533333333333333,9.088888888888889,-0.3333333333333333,3.2888888888888888,10.88888888888889,-10.422222222222222
2020-09-23 17:03:00,0.5111111111111111,1.1333333333333333,-0.2,0.26666666666666666,-23.466666666666665,-1.7777777777777777,7.555555555555555,9.088888888888889,-0.3111111111111111,3.311111111111111,10.71111111111111,-10.355555555555556
2020-09-23 17:04:00,0.6222222222222222,1.1777777777777778,-0.24444444444444444,0.24444444444444444,-23.533333333333335,-1.8444444444444446,7.533333333333333,9.11111111111111,-0.28888888888888886,3.3777777777777778,10.533333333333333,-10.311111111111112
2020-09-23 17:05:00,0.7333333333333333,1.2222222222222223,-0.3111111111111111,0.2222222222222222,-23.6,-1.8888888888888888,7.511111111111111,9.11111111111111,-0.28888888888888886,3.4444444444444446,10.311111111111112,-10.244444444444444
2020-09-23 17:06:00,0.8222222222222222,1.2444444444444445,-0.3333333333333333,0.2,-23.644444444444446,-1.9333333333333333,7.488888888888889,9.11111111111111,-0.3333333333333333,3.533333333333333,10.11111111111111,-10.177777777777777
2020-09-23 17:07:00,0.8888888888888888,1.2222222222222223,-0.35555555555555557,0.2,-23.711111111111112,-1.9777777777777779,7.4222222222222225,9.11111111111111,-0.35555555555555557,3.6,9.88888888888889,-10.066666666666666
2020-09-23 17:08:00,0.9555555555555556,1.2,-0.37777777777777777,0.17777777777777778,-23.8,-2.0444444444444443,7.333333333333333,9.088888888888889,-0.3333333333333333,3.6666666666666665,9.666666666666666,-9.955555555555556
2020-09-23 17:09:00,0.9777777777777777,1.1555555555555554,-0.4,0.17777777777777778,-23.91111111111111,-2.088888888888889,7.2444444444444445,9.044444444444444,-0.26666666666666666,3.7333333333333334,9.444444444444445,-9.844444444444445
2020-09-23 17:10:00,1.0,1.0888888888888888,-0.4222222222222222,0.17777777777777778,-24.022222222222222,-2.1333333333333333,7.155555555555556,9.0,-0.2222222222222222,3.8444444444444446,9.266666666666667,-9.755555555555556
2020-09-23 17:11:00,1.0444444444444445,1.0666666666666667,-0.4666666666666667,0.17777777777777778,-24.133333333333333,-2.1777777777777776,7.066666666666666,8.955555555555556,-0.2,4.0,9.11111111111111,-9.644444444444444
2020-09-23 17:12:00,1.1111111111111112,1.0222222222222221,-0.5333333333333333,0.2,-24.266666666666666,-2.2222222222222223,6.977777777777778,8.911111111111111,-0.15555555555555556,4.155555555555556,8.977777777777778,-9.533333333333333
2020-09-23 17:13:00,1.1333333333333333,0.9555555555555556,-0.5777777777777777,0.2222222222222222,-24.4,-2.2666666666666666,6.888888888888889,8.822222222222223,-0.15555555555555556,4.355555555555555,8.8,-9.422222222222222
2020-09-23 17:14:00,1.1333333333333333,0.8888888888888888,-0.5777777777777777,0.24444444444444444,-24.533333333333335,-2.2888888888888888,6.8,8.71111111111111,-0.2,4.555555555555555,8.6,-9.28888888888889
2020-09-23 17:15:00,1.1111111111111112,0.7777777777777778,-0.5777777777777777,0.2222222222222222,-24.666666666666668,-2.3333333333333335,6.7555555555555555,8.555555555555555,-0.2222222222222222,4.7555555555555555,8.4,-9.155555555555555
2020-09-23 17:16:00,1.1333333333333333,0.6666666666666666,-0.5777777777777777,0.17777777777777778,-24.8,-2.3555555555555556,6.7555555555555555,8.422222222222222,-0.2222222222222222,4.955555555555556,8.2,-9.066666666666666
2020-09-23 17:17:00,1.1333333333333333,0.5333333333333333,-0.5777777777777777,0.13333333333333333,-24.933333333333334,-2.3555555555555556,6.733333333333333,8.266666666666667,-0.2222222222222222,5.155555555555556,8.022222222222222,-8.955555555555556
2020-09-23 17:18:00,1.0888888888888888,0.4,-0.5777777777777777,0.08888888888888889,-25.11111111111111,-2.3333333333333335,6.733333333333333,8.11111111111111,-0.24444444444444444,5.333333333333333,7.888888888888889,-8.866666666666667
2020-09-23 17:19:00,1.0444444444444445,0.28888888888888886,-0.5777777777777777,0.08888888888888889,-25.31111111111111,-2.3333333333333335,6.688888888888889,7.955555555555556,-0.26666666666666666,5.488888888888889,7.8,-8.777777777777779
2020-09-23 17:20:00,1.0444444444444445,0.17777777777777778,-0.6,0.13333333333333333,-25.555555555555557,-2.3333333333333335,6.644444444444445,7.777777777777778,-0.24444444444444444,5.644444444444445,7.711111111111111,-8.688888888888888
2020-09-23 17:21:00,1.0666666666666667,0.06666666666666667,-0.6,0.2,-25.77777777777778,-2.2888888888888888,6.622222222222222,7.622222222222222,-0.2,5.7555555555555555,7.622222222222222,-8.6
2020-09-23 17:22:00,1.0888888888888888,-0.044444444444444446,-0.6222222222222222,0.24444444444444444,-25.977777777777778,-2.2222222222222223,6.622222222222222,7.466666666666667,-0.13333333333333333,5.866666666666666,7.488888888888889,-8.533333333333333
2020-09-23 17:23:00,1.0888888888888888,-0.13333333333333333,-0.6222222222222222,0.28888888888888886,-26.155555555555555,-2.2,6.6,7.311111111111111,-0.1111111111111111,5.977777777777778,7.311111111111111,-8.444444444444445
2020-09-23 17:24:00,1.0888888888888888,-0.24444444444444444,-0.6444444444444445,0.35555555555555557,-26.31111111111111,-2.2222222222222223,6.555555555555555,7.155555555555556,-0.044444444444444446,6.044444444444444,7.155555555555556,-8.377777777777778
2020-09-23 17:25:00,1.0666666666666667,-0.35555555555555557,-0.6444444444444445,0.4222222222222222,-26.488888888888887,-2.2444444444444445,6.488888888888889,7.0,0.022222222222222223,6.111111111111111,7.022222222222222,-8.311111111111112
2020-09-23 17:26:00,1.0222222222222221,-0.4888888888888889,-0.6444444444444445,0.4666666666666667,-26.622222222222224,-2.2444444444444445,6.4222222222222225,6.822222222222222,0.1111111111111111,6.177777777777778,6.911111111111111,-8.222222222222221
2020-09-23 17:27:00,0.9777777777777777,-0.6,-0.6222222222222222,0.5111111111111111,-26.711111111111112,-2.2222222222222223,6.4,6.644444444444445,0.15555555555555556,6.2,6.822222222222222,-8.11111111111111
2020-09-23 17:28:00,0.9777777777777777,-0.6666666666666666,-0.5777777777777777,0.5555555555555556,-26.8,-2.1777777777777776,6.4222222222222225,6.444444444444445,0.15555555555555556,6.2,6.777777777777778,-8.044444444444444
2020-09-23 17:29:00,0.9555555555555556,-0.7333333333333333,-0.5333333333333333,0.6222222222222222,-26.933333333333334,-2.1555555555555554,6.444444444444445,6.288888888888889,0.15555555555555556,6.177777777777778,6.7555555555555555,-7.955555555555556
2020-09-23 17:30:00,0.9111111111111111,-0.8,-0.5111111111111111,0.6888888888888889,-27.08888888888889,-2.1333333333333333,6.466666666666667,6.088888888888889,0.13333333333333333,6.133333333333334,6.777777777777778,-7.844444444444444
2020-09-23 17:31:00,0.8666666666666667,-0.8888888888888888,-0.4666666666666667,0.7777777777777778,-27.266666666666666,-2.066666666666667,6.444444444444445,5.888888888888889,0.13333333333333333,6.111111111111111,6.8,-7.733333333333333
2020-09-23 17:32:00,0.8,-0.9777777777777777,-0.4222222222222222,0.8888888888888888,-27.42222222222222,-2.0,6.444444444444445,5.688888888888889,0.17777777777777778,6.111111111111111,6.777777777777778,-7.622222222222222
2020-09-23 17:33:00,0.7111111111111111,-1.0666666666666667,-0.35555555555555557,1.0,-27.555555555555557,-1.8888888888888888,6.4,5.511111111111111,0.2222222222222222,6.088888888888889,6.7555555555555555,-7.466666666666667
2020-09-23 17:34:00,0.5777777777777777,-1.1111111111111112,-0.3111111111111111,1.1111111111111112,-27.68888888888889,-1.7777777777777777,6.311111111111111,5.377777777777778,0.26666666666666666,6.088888888888889,6.711111111111111,-7.311111111111111
2020-09-23 17:35:00,0.4666666666666667,-1.1555555555555554,-0.3111111111111111,1.2222222222222223,-27.77777777777778,-1.6666666666666667,6.222222222222222,5.222222222222222,0.28888888888888886,6.088888888888889,6.711111111111111,-7.133333333333334
2020-09-23 17:36:00,0.35555555555555557,-1.2444444444444445,-0.26666666666666666,1.3333333333333333,-27.88888888888889,-1.5555555555555556,6.155555555555556,5.088888888888889,0.3333333333333333,6.088888888888889,6.688888888888889,-6.955555555555556
2020-09-23 17:37:00,0.24444444444444444,-1.3333333333333333,-0.2222222222222222,1.4666666666666666,-27.977777777777778,-1.4222222222222223,6.066666666666666,4.933333333333334,0.35555555555555557,6.044444444444444,6.711111111111111,-6.777777777777778
2020-09-23 17:38:00,0.1111111111111111,-1.4,-0.13333333333333333,1.5777777777777777,-28.066666666666666,-1.3111111111111111,5.933333333333334,4.777777777777778,0.4,5.977777777777778,6.7555555555555555,-6.5777777777777775
2020-09-23 17:39:00,-0.044444444444444446,-1.4666666666666666,-0.06666666666666667,1.6666666666666667,-28.155555555555555,-1.2222222222222223,5.7555555555555555,4.644444444444445,0.4,5.911111111111111,6.844444444444444,-6.377777777777778
2020-09-23 17:40:00,-0.24444444444444444,-1.5333333333333334,0.044444444444444446,1.7555555555555555,-28.22222222222222,-1.1111111111111112,5.6,4.511111111111111,0.37777777777777777,5.888888888888889,6.955555555555556,-6.177777777777778
2020-09-23 17:41:00,-0.4666666666666667,-1.5777777777777777,0.17777777777777778,1.8,-28.288888888888888,-1.0222222222222221,5.4222222222222225,4.377777777777778,0.37777777777777777,5.866666666666666,7.066666666666666,-5.977777777777778
2020-09-23 17:42:00,-0.6888888888888889,-1.5777777777777777,0.26666666666666666,1.8666666666666667,-28.377777777777776,-0.9777777777777777,5.222222222222222,4.2444444444444445,0.4222222222222222,5.822222222222222,7.177777777777778,-5.777777777777778
2020-09-23 17:43:00,-0.9333333333333333,-1.6222222222222222,0.3111111111111111,1.9111111111111112,-28.488888888888887,-0.9555555555555556,5.022222222222222,4.111111111111111,0.5111111111111111,5.733333333333333,7.333333333333333,-5.6
2020-09-23 17:44:00,-1.1777777777777778,-1.6222222222222222,0.35555555555555557,1.9555555555555555,-28.6,-0.9777777777777777,4.866666666666666,3.977777777777778,0.6222222222222222,5.622222222222222,7.511111111111111,-5.444444444444445
2020-09-23 17:45:00,-1.4,-1.6666666666666667,0.37777777777777777,2.022222222222222,-28.68888888888889,-1.0222222222222221,4.666666666666667,3.8666666666666667,0.6888888888888889,5.533333333333333,7.688888888888889,-5.2444444444444445
2020-09-23 17:46:00,-1.6,-1.6888888888888889,0.4,2.088888888888889,-28.755555555555556,-1.0222222222222221,4.488888888888889,3.7555555555555555,0.8,5.4222222222222225,7.888888888888889,-5.044444444444444
2020-09-23 17:47:00,-1.7777777777777777,-1.7333333333333334,0.4222222222222222,2.1333333333333333,-28.822222222222223,-1.0222222222222221,4.288888888888889,3.6444444444444444,0.9111111111111111,5.311111111111111,8.133333333333333,-4.822222222222222
2020-09-23 17:48:00,-1.9777777777777779,-1.7777777777777777,0.4,2.1777777777777776,-28.844444444444445,-1.0,4.088888888888889,3.511111111111111,1.0,5.2444444444444445,8.4,-4.6
2020-09-23 17:49:00,-2.1777777777777776,-1.7777777777777777,0.4,2.2,-28.844444444444445,-0.9777777777777777,3.888888888888889,3.4,1.0888888888888888,5.155555555555556,8.666666666666666,-4.355555555555555
2020-09-23 17:50:00,-2.3777777777777778,-1.7777777777777777,0.4,2.1777777777777776,-28.844444444444445,-0.9555555555555556,3.7111111111111112,3.2888888888888888,1.2,5.066666666666666,8.955555555555556,-4.155555555555556
2020-09-23 17:51:00,-2.5555555555555554,-1.7555555555555555,0.37777777777777777,2.1333333333333333,-28.844444444444445,-0.9111111111111111,3.5555555555555554,3.1777777777777776,1.3555555555555556,5.0,9.244444444444444,-3.933333333333333
2020-09-23 17:52:00,-2.7333333333333334,-1.7333333333333334,0.35555555555555557,2.088888888888889,-28.8,-0.8666666666666667,3.4444444444444446,3.066666666666667,1.511111111111111,4.955555555555556,9.533333333333333,-3.7333333333333334
2020-09-23 17:53:00,-2.933333333333333,-1.6888888888888889,0.37777777777777777,2.0444444444444443,-28.733333333333334,-0.8222222222222222,3.3777777777777778,2.977777777777778,1.6444444444444444,4.933333333333334,9.844444444444445,-3.5555555555555554
2020-09-23 17:54:00,-3.1333333333333333,-1.6666666666666667,0.4222222222222222,2.0,-28.666666666666668,-0.7777777777777778,3.311111111111111,2.888888888888889,1.7555555555555555,4.911111111111111,10.177777777777777,-3.4
2020-09-23 17:55:00,-3.2888888888888888,-1.6444444444444444,0.4666666666666667,1.9555555555555555,-28.6,-0.7333333333333333,3.2444444444444445,2.8222222222222224,1.8666666666666667,4.844444444444444,10.466666666666667,-3.2222222222222223
2020-09-23 17:56:00,-3.466666666666667,-1.6222222222222222,0.5333333333333333,1.9555555555555555,-28.555555555555557,-0.6666666666666666,3.1555555555555554,2.7555555555555555,2.022222222222222,4.777777777777778,10.71111111111111,-3.066666666666667
2020-09-23 17:57:00,-3.688888888888889,-1.6222222222222222,0.6,1.9777777777777779,-28.488888888888887,-0.5777777777777777,3.0444444444444443,2.6666666666666665,2.1333333333333333,4.711111111111111,10.933333333333334,-2.933333333333333
2020-09-23 17:58:00,-3.911111111111111,-1.6,0.6444444444444445,2.022222222222222,-28.444444444444443,-0.4888888888888889,2.933333333333333,2.577777777777778,2.2666666666666666,4.6,11.177777777777777,-2.8222222222222224
2020-09-23 17:59:00,-4.088888888888889,-1.5777777777777777,0.6666666666666666,2.088888888888889,-28.355555555555554,-0.37777777777777777,2.8222222222222224,2.533333333333333,2.422222222222222,4.466666666666667,11.444444444444445,-2.7555555555555555
2020-09-23 18:00:00,-4.266666666666667,-1.5555555555555556,0.6888888888888889,2.1777777777777776,-28.244444444444444,-0.2222222222222222,2.6666666666666665,2.533333333333333,2.533333333333333,4.311111111111111,11.733333333333333,-2.688888888888889
2020-09-23 18:01:00,-4.488888888888889,-1.5333333333333334,0.6888888888888889,2.2666666666666666,-28.155555555555555,-0.06666666666666667,2.466666666666667,2.533333333333333,2.6444444444444444,4.177777777777778,12.022222222222222,-2.6222222222222222
2020-09-23 18:02:00,-4.711111111111111,-1.511111111111111,0.7333333333333333,2.3555555555555556,-28.022222222222222,0.08888888888888889,2.2888888888888888,2.511111111111111,2.7555555555555555,4.044444444444444,12.311111111111112,-2.577777777777778
2020-09-23 18:03:00,-4.888888888888889,-1.488888888888889,0.7777777777777778,2.4444444444444446,-27.866666666666667,0.24444444444444444,2.088888888888889,2.488888888888889,2.888888888888889,3.911111111111111,12.577777777777778,-2.488888888888889
2020-09-23 18:04:00,-5.066666666666666,-1.488888888888889,0.7777777777777778,2.488888888888889,-27.68888888888889,0.37777777777777777,1.8888888888888888,2.511111111111111,2.977777777777778,3.8,12.844444444444445,-2.4444444444444446
2020-09-23 18:05:00,-5.266666666666667,-1.4666666666666666,0.7777777777777778,2.533333333333333,-27.511111111111113,0.5333333333333333,1.7333333333333334,2.5555555555555554,3.066666666666667,3.7333333333333334,13.088888888888889,-2.4444444444444446
2020-09-23 18:06:00,-5.466666666666667,-1.4444444444444444,0.7333333333333333,2.6,-27.355555555555554,0.6666666666666666,1.5777777777777777,2.6,3.1555555555555554,3.6666666666666665,13.333333333333334,-2.4444444444444446
2020-09-23 18:07:00,-5.711111111111111,-1.4444444444444444,0.6666666666666666,2.6444444444444444,-27.22222222222222,0.8,1.4,2.6666666666666665,3.2444444444444445,3.6,13.6,-2.422222222222222
2020-09-23 18:08:00,-5.933333333333334,-1.4222222222222223,0.5777777777777777,2.6666666666666665,-27.066666666666666,0.9777777777777777,1.2222222222222223,2.7555555555555555,3.3777777777777778,3.511111111111111,13.911111111111111,-2.422222222222222
2020-09-23 18:09:00,-6.155555555555556,-1.4222222222222223,0.4888888888888889,2.6666666666666665,-26.933333333333334,1.2,1.0444444444444445,2.8222222222222224,3.466666666666667,3.422222222222222,14.244444444444444,-2.4
2020-09-23 18:10:00,-6.333333333333333,-1.4666666666666666,0.4222222222222222,2.6222222222222222,-26.755555555555556,1.4,0.8666666666666667,2.888888888888889,3.533333333333333,3.3777777777777778,14.577777777777778,-2.4
2020-09-23 18:11:00,-6.511111111111111,-1.511111111111111,0.3111111111111111,2.577777777777778,-26.57777777777778,1.6,0.7111111111111111,2.9555555555555557,3.5555555555555554,3.3555555555555556,14.866666666666667,-2.4444444444444446
2020-09-23 18:12:00,-6.711111111111111,-1.6,0.17777777777777778,2.488888888888889,-26.444444444444443,1.7777777777777777,0.5555555555555556,3.0,3.6,3.3777777777777778,15.133333333333333,-2.511111111111111
2020-09-23 18:13:00,-6.911111111111111,-1.6888888888888889,0.044444444444444446,2.422222222222222,-26.266666666666666,1.9555555555555555,0.37777777777777777,3.0444444444444443,3.6444444444444444,3.422222222222222,15.355555555555556,-2.5555555555555554
2020-09-23 18:14:00,-7.088888888888889,-1.7555555555555555,-0.06666666666666667,2.3777777777777778,-26.08888888888889,2.1333333333333333,0.17777777777777778,3.066666666666667,3.6444444444444444,3.488888888888889,15.555555555555555,-2.6444444444444444
2020-09-23 18:15:00,-7.2444444444444445,-1.8222222222222222,-0.17777777777777778,2.3333333333333335,-25.88888888888889,2.3333333333333335,0.022222222222222223,3.111111111111111,3.6666666666666665,3.5555555555555554,15.733333333333333,-2.7111111111111112
2020-09-23 18:16:00,-7.377777777777778,-1.8444444444444446,-0.3333333333333333,2.2888888888888888,-25.68888888888889,2.488888888888889,-0.1111111111111111,3.1333333333333333,3.6666666666666665,3.6444444444444444,15.933333333333334,-2.8222222222222224
2020-09-23 18:17:00,-7.533333333333333,-1.8888888888888888,-0.5333333333333333,2.2222222222222223,-25.533333333333335,2.6444444444444444,-0.24444444444444444,3.1333333333333333,3.6222222222222222,3.7333333333333334,16.133333333333333,-2.933333333333333
2020-09-23 18:18:00,-7.688888888888889,-1.9333333333333333,-0.7555555555555555,2.111111111111111,-25.355555555555554,2.8,-0.3333333333333333,3.111111111111111,3.6,3.8222222222222224,16.333333333333332,-3.0444444444444443
2020-09-23 18:19:00,-7.822222222222222,-1.9777777777777779,-0.9333333333333333,2.022222222222222,-25.177777777777777,2.933333333333333,-0.4,3.066666666666667,3.5555555555555554,3.8666666666666667,16.555555555555557,-3.2
2020-09-23 18:20:00,-7.977777777777778,-1.9777777777777779,-1.1111111111111112,1.9555555555555555,-25.0,3.088888888888889,-0.4444444444444444,3.022222222222222,3.488888888888889,3.8666666666666667,16.755555555555556,-3.3555555555555556
2020-09-23 18:21:00,-8.11111111111111,-1.9333333333333333,-1.3333333333333333,1.8444444444444446,-24.77777777777778,3.2666666666666666,-0.4666666666666667,2.933333333333333,3.4444444444444446,3.8444444444444446,16.955555555555556,-3.466666666666667
2020-09-23 18:22:00,-8.222222222222221,-1.8666666666666667,-1.5555555555555556,1.6888888888888889,-24.57777777777778,3.422222222222222,-0.4888888888888889,2.8444444444444446,3.422222222222222,3.8666666666666667,17.155555555555555,-3.577777777777778
2020-09-23 18:23:00,-8.28888888888889,-1.8444444444444446,-1.7777777777777777,1.5333333333333334,-24.4,3.577777777777778,-0.5111111111111111,2.8,3.4,3.911111111111111,17.333333333333332,-3.688888888888889
2020-09-23 18:24:00,-8.333333333333334,-1.8444444444444446,-1.9777777777777779,1.4,-24.244444444444444,3.7333333333333334,-0.5111111111111111,2.7777777777777777,3.422222222222222,4.0,17.466666666666665,-3.8222222222222224
2020-09-23 18:25:00,-8.333333333333334,-1.8,-2.1777777777777776,1.2666666666666666,-24.11111111111111,3.8666666666666667,-0.5111111111111111,2.7555555555555555,3.422222222222222,4.066666666666666,17.57777777777778,-3.933333333333333
2020-09-23 18:26:00,-8.311111111111112,-1.7777777777777777,-2.3777777777777778,1.1333333333333333,-24.0,3.977777777777778,-0.5111111111111111,2.7333333333333334,3.422222222222222,4.111111111111111,17.711111111111112,-4.0
2020-09-23 18:27:00,-8.244444444444444,-1.8,-2.577777777777778,1.0222222222222221,-23.844444444444445,4.088888888888889,-0.5111111111111111,2.688888888888889,3.422222222222222,4.177777777777778,17.844444444444445,-4.088888888888889
2020-09-23 18:28:00,-8.155555555555555,-1.8222222222222222,-2.7555555555555555,0.9555555555555556,-23.644444444444446,4.2,-0.5333333333333333,2.6222222222222222,3.4,4.288888888888889,17.977777777777778,-4.2
2020-09-23 18:29:00,-8.044444444444444,-1.8666666666666667,-2.911111111111111,0.8444444444444444,-23.444444444444443,4.311111111111111,-0.6,2.5555555555555554,3.4,4.444444444444445,18.11111111111111,-4.333333333333333
2020-09-23 18:30:00,-7.977777777777778,-1.9111111111111112,-3.022222222222222,0.7333333333333333,-23.22222222222222,4.4,-0.6222222222222222,2.4444444444444446,3.4,4.622222222222222,18.22222222222222,-4.488888888888889
2020-09-23 18:31:00,-7.933333333333334,-1.9333333333333333,-3.1333333333333333,0.6666666666666666,-23.044444444444444,4.444444444444445,-0.6444444444444445,2.3333333333333335,3.3777777777777778,4.8,18.31111111111111,-4.644444444444445
2020-09-23 18:32:00,-7.866666666666666,-1.9777777777777779,-3.2444444444444445,0.6444444444444445,-22.866666666666667,4.488888888888889,-0.6444444444444445,2.2222222222222223,3.4,4.977777777777778,18.377777777777776,-4.777777777777778
2020-09-23 18:33:00,-7.7555555555555555,-2.022222222222222,-3.3333333333333335,0.6,-22.733333333333334,4.511111111111111,-0.6222222222222222,2.111111111111111,3.4444444444444446,5.111111111111111,18.444444444444443,-4.933333333333334
2020-09-23 18:34:00,-7.622222222222222,-2.111111111111111,-3.4,0.5777777777777777,-22.6,4.555555555555555,-0.5555555555555556,1.9555555555555555,3.466666666666667,5.2444444444444445,18.533333333333335,-5.111111111111111
2020-09-23 18:35:00,-7.511111111111111,-2.1777777777777776,-3.4444444444444446,0.6,-22.466666666666665,4.6,-0.4888888888888889,1.8222222222222222,3.466666666666667,5.333333333333333,18.644444444444446,-5.288888888888889
2020-09-23 18:36:00,-7.4,-2.2888888888888888,-3.511111111111111,0.6222222222222222,-22.31111111111111,4.644444444444445,-0.4444444444444444,1.711111111111111,3.422222222222222,5.377777777777778,18.733333333333334,-5.466666666666667
2020-09-23 18:37:00,-7.288888888888889,-2.3777777777777778,-3.5555555555555554,0.6222222222222222,-22.155555555555555,4.688888888888889,-0.4222222222222222,1.6,3.3333333333333335,5.4222222222222225,18.822222222222223,-5.666666666666667
2020-09-23 18:38:00,-7.2,-2.488888888888889,-3.6,0.6444444444444445,-21.977777777777778,4.733333333333333,-0.4,1.4666666666666666,3.2666666666666666,5.4222222222222225,18.88888888888889,-5.888888888888889
2020-09-23 18:39:00,-7.111111111111111,-2.5555555555555554,-3.6222222222222222,0.6888888888888889,-21.8,4.777777777777778,-0.37777777777777777,1.3333333333333333,3.1777777777777776,5.377777777777778,18.955555555555556,-6.111111111111111
2020-09-23 18:40:00,-7.022222222222222,-2.577777777777778,-3.6444444444444444,0.6888888888888889,-21.644444444444446,4.822222222222222,-0.35555555555555557,1.1777777777777778,3.111111111111111,5.377777777777778,19.022222222222222,-6.355555555555555
2020-09-23 18:41:00,-6.888888888888889,-2.6,-3.6444444444444444,0.6666666666666666,-21.466666666666665,4.844444444444444,-0.3333333333333333,1.0222222222222221,3.022222222222222,5.355555555555555,19.11111111111111,-6.555555555555555
2020-09-23 18:42:00,-6.733333333333333,-2.6222222222222222,-3.6444444444444444,0.6,-21.288888888888888,4.866666666666666,-0.28888888888888886,0.8444444444444444,2.977777777777778,5.311111111111111,19.22222222222222,-6.711111111111111
2020-09-23 18:43:00,-6.533333333333333,-2.688888888888889,-3.6444444444444444,0.5111111111111111,-21.11111111111111,4.866666666666666,-0.24444444444444444,0.7111111111111111,2.933333333333333,5.288888888888889,19.333333333333332,-6.822222222222222
2020-09-23 18:44:00,-6.355555555555555,-2.8,-3.6444444444444444,0.4222222222222222,-20.955555555555556,4.822222222222222,-0.2,0.5777777777777777,2.911111111111111,5.311111111111111,19.444444444444443,-6.888888888888889
2020-09-23 18:45:00,-6.177777777777778,-2.8666666666666667,-3.6,0.3333333333333333,-20.8,4.733333333333333,-0.13333333333333333,0.4,2.888888888888889,5.311111111111111,19.555555555555557,-6.933333333333334
2020-09-23 18:46:00,-5.977777777777778,-2.911111111111111,-3.5555555555555554,0.24444444444444444,-20.644444444444446,4.6,-0.044444444444444446,0.17777777777777778,2.8666666666666667,5.311111111111111,19.644444444444446,-6.977777777777778
2020-09-23 18:47:00,-5.733333333333333,-2.933333333333333,-3.511111111111111,0.17777777777777778,-20.511111111111113,4.466666666666667,0.0,-0.044444444444444446,2.8,5.288888888888889,19.711111111111112,-7.022222222222222
2020-09-23 18:48:00,-5.533333333333333,-2.933333333333333,-3.4444444444444446,0.06666666666666667,-20.355555555555554,4.311111111111111,0.044444444444444446,-0.28888888888888886,2.7555555555555555,5.266666666666667,19.77777777777778,-7.088888888888889
2020-09-23 18:49:00,-5.355555555555555,-2.9555555555555557,-3.3777777777777778,-0.022222222222222223,-20.244444444444444,4.155555555555556,0.1111111111111111,-0.5333333333333333,2.7555555555555555,5.222222222222222,19.844444444444445,-7.111111111111111
2020-09-23 18:50:00,-5.177777777777778,-2.977777777777778,-3.311111111111111,-0.13333333333333333,-20.08888888888889,4.022222222222222,0.13333333333333333,-0.7555555555555555,2.7111111111111112,5.133333333333334,19.933333333333334,-7.111111111111111
2020-09-23 18:51:00,-5.022222222222222,-3.0,-3.2222222222222223,-0.26666666666666666,-19.88888888888889,3.911111111111111,0.13333333333333333,-0.9555555555555556,2.6666666666666665,5.088888888888889,20.066666666666666,-7.111111111111111
2020-09-23 18:52:00,-4.844444444444444,-3.0444444444444443,-3.1333333333333333,-0.37777777777777777,-19.644444444444446,3.7777777777777777,0.1111111111111111,-1.1777777777777778,2.6444444444444444,5.044444444444444,20.2,-7.111111111111111
2020-09-23 18:53:00,-4.644444444444445,-3.111111111111111,-3.0,-0.4444444444444444,-19.4,3.6222222222222222,0.06666666666666667,-1.4,2.6222222222222222,5.0,20.288888888888888,-7.066666666666666
2020-09-23 18:54:00,-4.444444444444445,-3.1777777777777776,-2.8666666666666667,-0.5111111111111111,-19.133333333333333,3.422222222222222,0.022222222222222223,-1.6,2.6222222222222222,4.955555555555556,20.333333333333332,-7.0
2020-09-23 18:55:00,-4.288888888888889,-3.2222222222222223,-2.7333333333333334,-0.5333333333333333,-18.866666666666667,3.2222222222222223,-0.044444444444444446,-1.7777777777777777,2.6444444444444444,4.911111111111111,20.4,-6.911111111111111
2020-09-23 18:56:00,-4.133333333333334,-3.2444444444444445,-2.577777777777778,-0.5333333333333333,-18.622222222222224,2.977777777777778,-0.1111111111111111,-1.9777777777777779,2.6666666666666665,4.844444444444444,20.488888888888887,-6.822222222222222
2020-09-23 18:57:00,-3.977777777777778,-3.2666666666666666,-2.3777777777777778,-0.5333333333333333,-18.333333333333332,2.7555555555555555,-0.2,-2.1555555555555554,2.7111111111111112,4.7555555555555555,20.555555555555557,-6.711111111111111
2020-09-23 18:58:00,-3.8444444444444446,-3.3333333333333335,-2.1777777777777776,-0.5555555555555556,-18.08888888888889,2.5555555555555554,-0.28888888888888886,-2.311111111111111,2.7555555555555555,4.644444444444445,20.622222222222224,-6.5777777777777775
2020-09-23 18:59:00,-3.7555555555555555,-3.422222222222222,-1.9777777777777779,-0.5777777777777777,-17.8,2.3555555555555556,-0.37777777777777777,-2.488888888888889,2.8,4.533333333333333,20.666666666666668,-6.444444444444445
2020-09-23 19:00:00,-3.6666666666666665,-3.5555555555555554,-1.7777777777777777,-0.5777777777777777,-17.533333333333335,2.1555555555555554,-0.4666666666666667,-2.688888888888889,2.8222222222222224,4.4222222222222225,20.733333333333334,-6.355555555555555
2020-09-23 19:01:00,-3.577777777777778,-3.688888888888889,-1.5555555555555556,-0.5777777777777777,-17.244444444444444,1.9555555555555555,-0.5555555555555556,-2.8666666666666667,2.888888888888889,4.311111111111111,20.755555555555556,-6.222222222222222
2020-09-23 19:02:00,-3.4444444444444446,-3.8222222222222224,-1.3333333333333333,-0.5777777777777777,-16.91111111111111,1.7555555555555555,-0.6888888888888889,-3.0444444444444443,2.977777777777778,4.222222222222222,20.8,-6.066666666666666
2020-09-23 19:03:00,-3.3333333333333335,-3.977777777777778,-1.1111111111111112,-0.5333333333333333,-16.622222222222224,1.511111111111111,-0.8222222222222222,-3.2444444444444445,3.088888888888889,4.155555555555556,20.844444444444445,-5.911111111111111
2020-09-23 19:04:00,-3.2,-4.155555555555556,-0.9111111111111111,-0.5333333333333333,-16.355555555555554,1.2666666666666666,-0.9333333333333333,-3.422222222222222,3.2444444444444445,4.088888888888889,20.91111111111111,-5.7555555555555555
2020-09-23 19:05:00,-3.0444444444444443,-4.355555555555555,-0.6888888888888889,-0.5777777777777777,-16.11111111111111,1.0444444444444445,-1.0444444444444445,-3.6,3.422222222222222,4.066666666666666,20.977777777777778,-5.644444444444445
2020-09-23 19:06:00,-2.888888888888889,-4.5777777777777775,-0.4444444444444444,-0.6222222222222222,-15.911111111111111,0.7777777777777778,-1.1555555555555554,-3.7555555555555555,3.6,4.044444444444444,21.044444444444444,-5.5777777777777775
2020-09-23 19:07:00,-2.7555555555555555,-4.777777777777778,-0.2,-0.6666666666666666,-15.733333333333333,0.5111111111111111,-1.2444444444444445,-3.8666666666666667,3.7555555555555555,3.977777777777778,21.066666666666666,-5.511111111111111
2020-09-23 19:08:00,-2.6666666666666665,-4.977777777777778,0.022222222222222223,-0.6888888888888889,-15.511111111111111,0.26666666666666666,-1.288888888888889,-4.0,3.8666666666666667,3.888888888888889,21.133333333333333,-5.444444444444445
2020-09-23 19:09:00,-2.577777777777778,-5.155555555555556,0.24444444444444444,-0.7111111111111111,-15.28888888888889,0.022222222222222223,-1.3111111111111111,-4.177777777777778,3.977777777777778,3.7777777777777777,21.244444444444444,-5.4
2020-09-23 19:10:00,-2.488888888888889,-5.377777777777778,0.4666666666666667,-0.7333333333333333,-15.022222222222222,-0.2222222222222222,-1.3333333333333333,-4.377777777777778,4.111111111111111,3.688888888888889,21.355555555555554,-5.355555555555555
2020-09-23 19:11:00,-2.422222222222222,-5.6,0.6666666666666666,-0.7555555555555555,-14.733333333333333,-0.4444444444444444,-1.3111111111111111,-4.622222222222222,4.2444444444444445,3.6444444444444444,21.466666666666665,-5.311111111111111
2020-09-23 19:12:00,-2.4,-5.777777777777778,0.8666666666666667,-0.8,-14.444444444444445,-0.6666666666666666,-1.2666666666666666,-4.844444444444444,4.355555555555555,3.6,21.57777777777778,-5.288888888888889
2020-09-23 19:13:00,-2.3555555555555556,-5.955555555555556,1.0444444444444445,-0.8444444444444444,-14.2,-0.8444444444444444,-1.2222222222222223,-5.022222222222222,4.466666666666667,3.533333333333333,21.68888888888889,-5.2444444444444445
2020-09-23 19:14:00,-2.3333333333333335,-6.155555555555556,1.2444444444444445,-0.8888888888888888,-13.977777777777778,-0.9777777777777777,-1.1333333333333333,-5.177777777777778,4.5777777777777775,3.422222222222222,21.822222222222223,-5.177777777777778
2020-09-23 19:15:00,-2.2666666666666666,-6.355555555555555,1.4444444444444444,-0.9777777777777777,-13.755555555555556,-1.0666666666666667,-1.0666666666666667,-5.288888888888889,4.688888888888889,3.311111111111111,22.0,-5.088888888888889
2020-09-23 19:16:00,-2.2,-6.6,1.6,-1.0666666666666667,-13.488888888888889,-1.1333333333333333,-1.0,-5.4222222222222225,4.8,3.2222222222222223,22.155555555555555,-5.022222222222222
2020-09-23 19:17:00,-2.1555555555555554,-6.8,1.7777777777777777,-1.1555555555555554,-13.2,-1.1777777777777778,-0.9555555555555556,-5.5777777777777775,4.866666666666666,3.1333333333333333,22.31111111111111,-4.955555555555556
2020-09-23 19:18:00,-2.111111111111111,-6.977777777777778,1.9333333333333333,-1.2,-12.88888888888889,-1.2,-0.9111111111111111,-5.688888888888889,4.933333333333334,3.066666666666667,22.466666666666665,-4.888888888888889
2020-09-23 19:19:00,-2.0444444444444443,-7.155555555555556,2.088888888888889,-1.2666666666666666,-12.622222222222222,-1.2666666666666666,-0.8888888888888888,-5.7555555555555555,5.0,2.977777777777778,22.57777777777778,-4.822222222222222
2020-09-23 19:20:00,-1.9555555555555555,-7.333333333333333,2.2222222222222223,-1.3333333333333333,-12.355555555555556,-1.3555555555555556,-0.8666666666666667,-5.866666666666666,5.066666666666666,2.933333333333333,22.644444444444446,-4.7555555555555555
2020-09-23 19:21:00,-1.9111111111111112,-7.466666666666667,2.3777777777777778,-1.4,-12.11111111111111,-1.4666666666666666,-0.8222222222222222,-5.955555555555556,5.177777777777778,2.888888888888889,22.711111111111112,-4.688888888888889
2020-09-23 19:22:00,-1.8444444444444446,-7.5777777777777775,2.511111111111111,-1.4222222222222223,-11.88888888888889,-1.6,-0.7555555555555555,-6.0,5.288888888888889,2.8444444444444446,22.755555555555556,-4.5777777777777775
2020-09-23 19:23:00,-1.7333333333333334,-7.644444444444445,2.6222222222222222,-1.4666666666666666,-11.666666666666666,-1.711111111111111,-0.6888888888888889,-6.022222222222222,5.355555555555555,2.8222222222222224,22.8,-4.4222222222222225
2020-09-23 19:24:00,-1.6,-7.7555555555555555,2.688888888888889,-1.5333333333333334,-11.422222222222222,-1.8222222222222222,-0.6444444444444445,-6.044444444444444,5.4222222222222225,2.8444444444444446,22.844444444444445,-4.266666666666667
2020-09-23 19:25:00,-1.511111111111111,-7.888888888888889,2.7111111111111112,-1.6,-11.155555555555555,-1.8888888888888888,-0.5777777777777777,-6.044444444444444,5.444444444444445,2.8222222222222224,22.91111111111111,-4.133333333333334
2020-09-23 19:26:00,-1.4222222222222223,-8.022222222222222,2.7111111111111112,-1.6666666666666667,-10.933333333333334,-1.9111111111111112,-0.5333333333333333,-6.022222222222222,5.488888888888889,2.7777777777777777,22.977777777777778,-4.0
2020-09-23 19:27:00,-1.3111111111111111,-8.11111111111111,2.7111111111111112,-1.6888888888888889,-10.71111111111111,-1.9555555555555555,-0.4666666666666667,-5.977777777777778,5.488888888888889,2.7333333333333334,23.022222222222222,-3.911111111111111
2020-09-23 19:28:00,-1.2444444444444445,-8.155555555555555,2.7111111111111112,-1.6666666666666667,-10.488888888888889,-2.022222222222222,-0.4,-5.977777777777778,5.511111111111111,2.688888888888889,23.08888888888889,-3.8444444444444446
2020-09-23 19:29:00,-1.1555555555555554,-8.177777777777777,2.688888888888889,-1.6444444444444444,-10.28888888888889,-2.066666666666667,-0.3111111111111111,-5.977777777777778,5.488888888888889,2.6444444444444444,23.11111111111111,-3.7777777777777777
2020-09-23 19:30:00,-1.0888888888888888,-8.244444444444444,2.6666666666666665,-1.6444444444444444,-10.11111111111111,-2.088888888888889,-0.2222222222222222,-5.933333333333334,5.488888888888889,2.6222222222222222,23.11111111111111,-3.7333333333333334
2020-09-23 19:31:00,-1.0,-8.333333333333334,2.6666666666666665,-1.6444444444444444,-9.911111111111111,-2.066666666666667,-0.1111111111111111,-5.866666666666666,5.466666666666667,2.577777777777778,23.08888888888889,-3.688888888888889
2020-09-23 19:32:00,-0.9555555555555556,-8.422222222222222,2.6666666666666665,-1.6888888888888889,-9.733333333333333,-2.066666666666667,0.022222222222222223,-5.777777777777778,5.488888888888889,2.511111111111111,23.08888888888889,-3.6222222222222222
2020-09-23 19:33:00,-0.9111111111111111,-8.533333333333333,2.6666666666666665,-1.6888888888888889,-9.6,-2.0444444444444443,0.15555555555555556,-5.666666666666667,5.488888888888889,2.488888888888889,23.11111111111111,-3.5555555555555554
2020-09-23 19:34:00,-0.8222222222222222,-8.6,2.7111111111111112,-1.6666666666666667,-9.466666666666667,-1.9777777777777779,0.26666666666666666,-5.5777777777777775,5.444444444444445,2.4444444444444446,23.08888888888889,-3.533333333333333
2020-09-23 19:35:00,-0.7333333333333333,-8.666666666666666,2.8,-1.6444444444444444,-9.355555555555556,-1.9111111111111112,0.4222222222222222,-5.488888888888889,5.444444444444445,2.4,23.066666666666666,-3.533333333333333
2020-09-23 19:36:00,-0.6222222222222222,-8.755555555555556,2.888888888888889,-1.6444444444444444,-9.266666666666667,-1.8666666666666667,0.5777777777777777,-5.4,5.4222222222222225,2.3555555555555556,23.022222222222222,-3.533333333333333
2020-09-23 19:37:00,-0.4888888888888889,-8.8,2.977777777777778,-1.6222222222222222,-9.177777777777777,-1.8222222222222222,0.7555555555555555,-5.266666666666667,5.4,2.2888888888888888,23.0,-3.533333333333333
2020-09-23 19:38:00,-0.37777777777777777,-8.822222222222223,3.0444444444444443,-1.6444444444444444,-9.088888888888889,-1.7777777777777777,0.9333333333333333,-5.155555555555556,5.355555555555555,2.2666666666666666,23.0,-3.5555555555555554
2020-09-23 19:39:00,-0.26666666666666666,-8.844444444444445,3.1333333333333333,-1.6444444444444444,-9.022222222222222,-1.7333333333333334,1.1333333333333333,-5.044444444444444,5.288888888888889,2.2888888888888888,23.0,-3.6222222222222222
2020-09-23 19:40:00,-0.1111111111111111,-8.844444444444445,3.1777777777777776,-1.6666666666666667,-8.977777777777778,-1.6666666666666667,1.3555555555555556,-4.911111111111111,5.222222222222222,2.311111111111111,22.955555555555556,-3.688888888888889
2020-09-23 19:41:00,0.08888888888888889,-8.844444444444445,3.2222222222222223,-1.6888888888888889,-8.933333333333334,-1.5555555555555556,1.5555555555555556,-4.777777777777778,5.155555555555556,2.3555555555555556,22.91111111111111,-3.7333333333333334
2020-09-23 19:42:00,0.28888888888888886,-8.8,3.2666666666666666,-1.6666666666666667,-8.933333333333334,-1.4444444444444444,1.7333333333333334,-4.688888888888889,5.044444444444444,2.3777777777777778,22.866666666666667,-3.7777777777777777
2020-09-23 19:43:00,0.4666666666666667,-8.733333333333333,3.311111111111111,-1.6222222222222222,-8.933333333333334,-1.3777777777777778,1.9111111111111112,-4.622222222222222,4.933333333333334,2.4,22.822222222222223,-3.8444444444444446
2020-09-23 19:44:00,0.6888888888888889,-8.622222222222222,3.311111111111111,-1.5777777777777777,-8.933333333333334,-1.2666666666666666,2.111111111111111,-4.533333333333333,4.844444444444444,2.422222222222222,22.822222222222223,-3.8666666666666667
2020-09-23 19:45:00,0.8888888888888888,-8.511111111111111,3.3333333333333335,-1.5333333333333334,-8.933333333333334,-1.2,2.2888888888888888,-4.4222222222222225,4.8,2.488888888888889,22.8,-3.8666666666666667
2020-09-23 19:46:00,1.0666666666666667,-8.422222222222222,3.3333333333333335,-1.511111111111111,-8.955555555555556,-1.0888888888888888,2.488888888888889,-4.311111111111111,4.7555555555555555,2.511111111111111,22.8,-3.8666666666666667
2020-09-23 19:47:00,1.2444444444444445,-8.28888888888889,3.3555555555555556,-1.488888888888889,-8.977777777777778,-1.0,2.7111111111111112,-4.177777777777778,4.711111111111111,2.488888888888889,22.77777777777778,-3.8666666666666667
2020-09-23 19:48:00,1.4444444444444444,-8.155555555555555,3.3777777777777778,-1.4666666666666666,-8.977777777777778,-0.9111111111111111,2.911111111111111,-4.0,4.666666666666667,2.4444444444444446,22.733333333333334,-3.8666666666666667
2020-09-23 19:49:00,1.6,-8.0,3.4,-1.4,-9.0,-0.8222222222222222,3.111111111111111,-3.8666666666666667,4.622222222222222,2.4444444444444446,22.68888888888889,-3.8222222222222224
2020-09-23 19:50:00,1.7555555555555555,-7.866666666666666,3.4444444444444446,-1.288888888888889,-9.0,-0.7777777777777778,3.2888888888888888,-3.7111111111111112,4.6,2.422222222222222,22.666666666666668,-3.7333333333333334
2020-09-23 19:51:00,1.8666666666666667,-7.7555555555555555,3.511111111111111,-1.1555555555555554,-9.0,-0.7111111111111111,3.4444444444444446,-3.577777777777778,4.5777777777777775,2.422222222222222,22.644444444444446,-3.6444444444444444
2020-09-23 19:52:00,2.0,-7.688888888888889,3.577777777777778,-0.9777777777777777,-8.955555555555556,-0.6666666666666666,3.5555555555555554,-3.4444444444444446,4.533333333333333,2.4444444444444446,22.644444444444446,-3.577777777777778
2020-09-23 19:53:00,2.1555555555555554,-7.5777777777777775,3.6222222222222222,-0.8,-8.955555555555556,-0.6666666666666666,3.6222222222222222,-3.311111111111111,4.488888888888889,2.466666666666667,22.6,-3.511111111111111
2020-09-23 19:54:00,2.2888888888888888,-7.511111111111111,3.6444444444444444,-0.6444444444444445,-8.955555555555556,-0.6666666666666666,3.6666666666666665,-3.1777777777777776,4.4,2.488888888888889,22.533333333333335,-3.4444444444444446
2020-09-23 19:55:00,2.3777777777777778,-7.4,3.6444444444444444,-0.4888888888888889,-8.977777777777778,-0.6444444444444445,3.6666666666666665,-3.022222222222222,4.288888888888889,2.466666666666667,22.444444444444443,-3.422222222222222
2020-09-23 19:56:00,2.4444444444444446,-7.288888888888889,3.6444444444444444,-0.3111111111111111,-9.022222222222222,-0.6,3.6666666666666665,-2.8222222222222224,4.177777777777778,2.4444444444444446,22.355555555555554,-3.4
2020-09-23 19:57:00,2.533333333333333,-7.222222222222222,3.6444444444444444,-0.15555555555555556,-9.088888888888889,-0.5555555555555556,3.6666666666666665,-2.6222222222222222,4.088888888888889,2.422222222222222,22.244444444444444,-3.3555555555555556
2020-09-23 19:58:00,2.577777777777778,-7.133333333333334,3.688888888888889,-0.044444444444444446,-9.155555555555555,-0.5333333333333333,3.688888888888889,-2.422222222222222,3.977777777777778,2.4,22.133333333333333,-3.311111111111111
2020-09-23 19:59:00,2.6222222222222222,-7.022222222222222,3.7111111111111112,0.1111111111111111,-9.2,-0.5333333333333333,3.688888888888889,-2.2,3.8666666666666667,2.3777777777777778,22.0,-3.2666666666666666
2020-09-23 20:00:00,2.6444444444444444,-6.911111111111111,3.688888888888889,0.28888888888888886,-9.244444444444444,-0.5555555555555556,3.6666666666666665,-1.9777777777777779,3.7555555555555555,2.3555555555555556,21.822222222222223,-3.2666666666666666
2020-09-23 20:01:00,2.6666666666666665,-6.7555555555555555,3.688888888888889,0.4444444444444444,-9.28888888888889,-0.6,3.6222222222222222,-1.7777777777777777,3.6444444444444444,2.311111111111111,21.68888888888889,-3.2666666666666666
2020-09-23 20:02:00,2.688888888888889,-6.6,3.6444444444444444,0.6,-9.355555555555556,-0.6222222222222222,3.6,-1.5555555555555556,3.577777777777778,2.2888888888888888,21.57777777777778,-3.2666666666666666
2020-09-23 20:03:00,2.688888888888889,-6.488888888888889,3.6444444444444444,0.7333333333333333,-9.4,-0.6666666666666666,3.577777777777778,-1.3777777777777778,3.488888888888889,2.2666666666666666,21.444444444444443,-3.2666666666666666
2020-09-23 20:04:00,2.688888888888889,-6.355555555555555,3.6444444444444444,0.9111111111111111,-9.444444444444445,-0.7111111111111111,3.5555555555555554,-1.2,3.3777777777777778,2.2888888888888888,21.355555555555554,-3.2444444444444445
2020-09-23 20:05:00,2.6666666666666665,-6.222222222222222,3.6222222222222222,1.0888888888888888,-9.511111111111111,-0.7333333333333333,3.533333333333333,-1.0222222222222221,3.311111111111111,2.2666666666666666,21.31111111111111,-3.2222222222222223
2020-09-23 20:06:00,2.688888888888889,-6.133333333333334,3.6,1.2666666666666666,-9.577777777777778,-0.7555555555555555,3.533333333333333,-0.8666666666666667,3.2,2.2666666666666666,21.288888888888888,-3.1777777777777776
2020-09-23 20:07:00,2.688888888888889,-6.066666666666666,3.577777777777778,1.4,-9.644444444444444,-0.7777777777777778,3.533333333333333,-0.7111111111111111,3.088888888888889,2.2222222222222223,21.31111111111111,-3.1555555555555554
2020-09-23 20:08:00,2.688888888888889,-6.022222222222222,3.5555555555555554,1.5777777777777777,-9.755555555555556,-0.8444444444444444,3.533333333333333,-0.6,3.0,2.1777777777777776,21.355555555555554,-3.1333333333333333
2020-09-23 20:09:00,2.688888888888889,-5.977777777777778,3.533333333333333,1.7555555555555555,-9.866666666666667,-0.8888888888888888,3.5555555555555554,-0.4888888888888889,2.911111111111111,2.111111111111111,21.377777777777776,-3.088888888888889
2020-09-23 20:10:00,2.7111111111111112,-5.933333333333334,3.533333333333333,1.9555555555555555,-9.977777777777778,-0.9555555555555556,3.6,-0.35555555555555557,2.8666666666666667,2.088888888888889,21.42222222222222,-3.022222222222222
2020-09-23 20:11:00,2.688888888888889,-5.888888888888889,3.5555555555555554,2.1777777777777776,-10.066666666666666,-1.0666666666666667,3.6444444444444444,-0.2,2.8,2.111111111111111,21.466666666666665,-2.977777777777778
2020-09-23 20:12:00,2.6222222222222222,-5.866666666666666,3.577777777777778,2.4,-10.133333333333333,-1.1777777777777778,3.6666666666666665,-0.06666666666666667,2.7333333333333334,2.1555555555555554,21.555555555555557,-2.911111111111111
2020-09-23 20:13:00,2.6,-5.866666666666666,3.6222222222222222,2.577777777777778,-10.2,-1.2666666666666666,3.7333333333333334,0.1111111111111111,2.6666666666666665,2.1777777777777776,21.644444444444446,-2.8444444444444446
2020-09-23 20:14:00,2.5555555555555554,-5.866666666666666,3.6666666666666665,2.7333333333333334,-10.244444444444444,-1.3333333333333333,3.8222222222222224,0.24444444444444444,2.6444444444444444,2.2,21.77777777777778,-2.8
2020-09-23 20:15:00,2.5555555555555554,-5.844444444444444,3.7111111111111112,2.911111111111111,-10.28888888888889,-1.4,3.911111111111111,0.35555555555555557,2.6444444444444444,2.2,21.88888888888889,-2.7555555555555555
2020-09-23 20:16:00,2.533333333333333,-5.8,3.7555555555555555,3.111111111111111,-10.333333333333334,-1.488888888888889,3.9555555555555557,0.4888888888888889,2.6444444444444444,2.2444444444444445,22.0,-2.6666666666666665
2020-09-23 20:17:00,2.5555555555555554,-5.777777777777778,3.7555555555555555,3.3333333333333335,-10.377777777777778,-1.6,4.0,0.6,2.6222222222222222,2.311111111111111,22.08888888888889,-2.6
2020-09-23 20:18:00,2.577777777777778,-5.7555555555555555,3.7333333333333334,3.5555555555555554,-10.4,-1.7555555555555555,4.044444444444444,0.6888888888888889,2.577777777777778,2.3555555555555556,22.177777777777777,-2.511111111111111
2020-09-23 20:19:00,2.5555555555555554,-5.777777777777778,3.7111111111111112,3.7333333333333334,-10.422222222222222,-1.9555555555555555,4.111111111111111,0.7555555555555555,2.533333333333333,2.4444444444444446,22.266666666666666,-2.3777777777777778
2020-09-23 20:20:00,2.5555555555555554,-5.822222222222222,3.688888888888889,3.933333333333333,-10.444444444444445,-2.1777777777777776,4.133333333333334,0.7777777777777778,2.488888888888889,2.577777777777778,22.355555555555554,-2.2
2020-09-23 20:21:00,2.533333333333333,-5.888888888888889,3.688888888888889,4.133333333333334,-10.488888888888889,-2.3777777777777778,4.2,0.7555555555555555,2.488888888888889,2.6666666666666665,22.466666666666665,-2.022222222222222
2020-09-23 20:22:00,2.511111111111111,-6.0,3.7111111111111112,4.288888888888889,-10.577777777777778,-2.5555555555555554,4.2444444444444445,0.6888888888888889,2.488888888888889,2.7777777777777777,22.57777777777778,-1.8888888888888888
2020-09-23 20:23:00,2.488888888888889,-6.155555555555556,3.7333333333333334,4.444444444444445,-10.688888888888888,-2.7555555555555555,4.288888888888889,0.6222222222222222,2.466666666666667,2.8666666666666667,22.666666666666668,-1.7333333333333334
2020-09-23 20:24:00,2.466666666666667,-6.288888888888889,3.7555555555555555,4.555555555555555,-10.755555555555556,-2.911111111111111,4.333333333333333,0.5333333333333333,2.4444444444444446,2.9555555555555557,22.755555555555556,-1.5555555555555556
2020-09-23 20:25:00,2.422222222222222,-6.4222222222222225,3.8,4.666666666666667,-10.822222222222223,-3.066666666666667,4.4,0.4444444444444444,2.422222222222222,3.022222222222222,22.844444444444445,-1.3555555555555556
2020-09-23 20:26:00,2.3777777777777778,-6.533333333333333,3.8666666666666667,4.7555555555555555,-10.911111111111111,-3.2222222222222223,4.488888888888889,0.4,2.422222222222222,3.088888888888889,22.91111111111111,-1.1555555555555554
2020-09-23 20:27:00,2.3777777777777778,-6.688888888888889,3.911111111111111,4.822222222222222,-10.977777777777778,-3.4,4.622222222222222,0.4,2.4444444444444446,3.1555555555555554,22.977777777777778,-0.9555555555555556
2020-09-23 20:28:00,2.422222222222222,-6.866666666666666,3.977777777777778,4.866666666666666,-11.022222222222222,-3.533333333333333,4.7555555555555555,0.4,2.511111111111111,3.2444444444444445,23.044444444444444,-0.7333333333333333
2020-09-23 20:29:00,2.4444444444444446,-7.088888888888889,4.044444444444444,4.911111111111111,-11.066666666666666,-3.7111111111111112,4.888888888888889,0.4,2.5555555555555554,3.2888888888888888,23.08888888888889,-0.5555555555555556
2020-09-23 20:30:00,2.488888888888889,-7.288888888888889,4.066666666666666,4.955555555555556,-11.11111111111111,-3.8666666666666667,5.044444444444444,0.4,2.6,3.2888888888888888,23.133333333333333,-0.35555555555555557
2020-09-23 20:31:00,2.5555555555555554,-7.466666666666667,4.088888888888889,5.022222222222222,-11.155555555555555,-4.022222222222222,5.177777777777778,0.35555555555555557,2.6222222222222222,3.2888888888888888,23.2,-0.2
2020-09-23 20:32:00,2.6222222222222222,-7.644444444444445,4.088888888888889,5.066666666666666,-11.2,-4.2,5.288888888888889,0.3111111111111111,2.6666666666666665,3.3333333333333335,23.288888888888888,-0.044444444444444446
2020-09-23 20:33:00,2.7111111111111112,-7.8,4.133333333333334,5.111111111111111,-11.222222222222221,-4.333333333333333,5.4,0.2222222222222222,2.7111111111111112,3.4,23.4,0.06666666666666667
2020-09-23 20:34:00,2.8,-7.977777777777778,4.155555555555556,5.111111111111111,-11.222222222222221,-4.466666666666667,5.466666666666667,0.17777777777777778,2.7333333333333334,3.466666666666667,23.466666666666665,0.17777777777777778
2020-09-23 20:35:00,2.911111111111111,-8.11111111111111,4.133333333333334,5.066666666666666,-11.266666666666667,-4.6,5.511111111111111,0.15555555555555556,2.7111111111111112,3.5555555555555554,23.488888888888887,0.26666666666666666
2020-09-23 20:36:00,3.022222222222222,-8.244444444444444,4.088888888888889,5.0,-11.28888888888889,-4.733333333333333,5.5777777777777775,0.13333333333333333,2.6444444444444444,3.6444444444444444,23.511111111111113,0.35555555555555557
2020-09-23 20:37:00,3.1333333333333333,-8.377777777777778,4.066666666666666,4.933333333333334,-11.333333333333334,-4.844444444444444,5.666666666666667,0.06666666666666667,2.6,3.7555555555555555,23.533333333333335,0.4444444444444444
2020-09-23 20:38:00,3.2444444444444445,-8.555555555555555,4.088888888888889,4.866666666666666,-11.377777777777778,-4.911111111111111,5.7555555555555555,-0.022222222222222223,2.577777777777778,3.888888888888889,23.57777777777778,0.5111111111111111
2020-09-23 20:39:00,3.3555555555555556,-8.688888888888888,4.111111111111111,4.8,-11.422222222222222,-4.955555555555556,5.822222222222222,-0.06666666666666667,2.577777777777778,4.0,23.6,0.6222222222222222
2020-09-23 20:40:00,3.466666666666667,-8.844444444444445,4.133333333333334,4.733333333333333,-11.444444444444445,-5.0,5.933333333333334,-0.13333333333333333,2.577777777777778,4.155555555555556,23.666666666666668,0.7555555555555555
2020-09-23 20:41:00,3.6,-8.977777777777778,4.133333333333334,4.688888888888889,-11.488888888888889,-5.066666666666666,6.044444444444444,-0.24444444444444444,2.577777777777778,4.288888888888889,23.68888888888889,0.8666666666666667
2020-09-23 20:42:00,3.7111111111111112,-9.11111111111111,4.133333333333334,4.666666666666667,-11.533333333333333,-5.088888888888889,6.111111111111111,-0.37777777777777777,2.5555555555555554,4.4222222222222225,23.711111111111112,0.9555555555555556
2020-09-23 20:43:00,3.8444444444444446,-9.222222222222221,4.133333333333334,4.688888888888889,-11.555555555555555,-5.088888888888889,6.177777777777778,-0.5333333333333333,2.577777777777778,4.533333333333333,23.68888888888889,1.0222222222222221
2020-09-23 20:44:00,3.9555555555555557,-9.333333333333334,4.111111111111111,4.666666666666667,-11.622222222222222,-5.088888888888889,6.266666666666667,-0.7111111111111111,2.577777777777778,4.688888888888889,23.666666666666668,1.1111111111111112
2020-09-23 20:45:00,4.088888888888889,-9.444444444444445,4.133333333333334,4.622222222222222,-11.688888888888888,-5.066666666666666,6.4,-0.9111111111111111,2.6222222222222222,4.822222222222222,23.68888888888889,1.2222222222222223
2020-09-23 20:46:00,4.2,-9.555555555555555,4.133333333333334,4.6,-11.755555555555556,-5.0,6.555555555555555,-1.0888888888888888,2.6666666666666665,4.955555555555556,23.711111111111112,1.3333333333333333
2020-09-23 20:47:00,4.311111111111111,-9.688888888888888,4.133333333333334,4.555555555555555,-11.822222222222223,-4.955555555555556,6.688888888888889,-1.288888888888889,2.7111111111111112,5.088888888888889,23.733333333333334,1.4444444444444444
2020-09-23 20:48:00,4.4222222222222225,-9.777777777777779,4.088888888888889,4.533333333333333,-11.911111111111111,-4.866666666666666,6.822222222222222,-1.4666666666666666,2.7555555555555555,5.222222222222222,23.755555555555556,1.5777777777777777
2020-09-23 20:49:00,4.533333333333333,-9.844444444444445,4.0,4.488888888888889,-11.955555555555556,-4.777777777777778,6.977777777777778,-1.6666666666666667,2.8,5.333333333333333,23.77777777777778,1.711111111111111
2020-09-23 20:50:00,4.644444444444445,-9.88888888888889,3.933333333333333,4.4,-12.022222222222222,-4.711111111111111,7.133333333333334,-1.8666666666666667,2.8444444444444446,5.466666666666667,23.755555555555556,1.8444444444444446
2020-09-23 20:51:00,4.733333333333333,-9.88888888888889,3.888888888888889,4.355555555555555,-12.11111111111111,-4.622222222222222,7.266666666666667,-2.088888888888889,2.888888888888889,5.622222222222222,23.733333333333334,1.9777777777777779
2020-09-23 20:52:00,4.844444444444444,-9.88888888888889,3.8222222222222224,4.355555555555555,-12.2,-4.533333333333333,7.355555555555555,-2.3333333333333335,2.933333333333333,5.8,23.666666666666668,2.088888888888889
2020-09-23 20:53:00,4.933333333333334,-9.911111111111111,3.7333333333333334,4.311111111111111,-12.266666666666667,-4.4,7.4,-2.533333333333333,2.9555555555555557,6.0,23.57777777777778,2.1555555555555554
2020-09-23 20:54:00,5.044444444444444,-9.933333333333334,3.688888888888889,4.2444444444444445,-12.333333333333334,-4.288888888888889,7.4222222222222225,-2.7333333333333334,3.0,6.2,23.488888888888887,2.1777777777777776
2020-09-23 20:55:00,5.155555555555556,-9.955555555555556,3.6222222222222222,4.177777777777778,-12.444444444444445,-4.177777777777778,7.444444444444445,-2.933333333333333,3.022222222222222,6.4,23.4,2.2
2020-09-23 20:56:00,5.288888888888889,-10.022222222222222,3.5555555555555554,4.111111111111111,-12.533333333333333,-4.022222222222222,7.511111111111111,-3.1555555555555554,3.022222222222222,6.5777777777777775,23.333333333333332,2.2222222222222223
2020-09-23 20:57:00,5.466666666666667,-10.11111111111111,3.533333333333333,4.044444444444444,-12.666666666666666,-3.8444444444444446,7.6,-3.3777777777777778,3.0444444444444443,6.7555555555555555,23.244444444444444,2.2222222222222223
2020-09-23 20:58:00,5.622222222222222,-10.2,3.511111111111111,4.022222222222222,-12.822222222222223,-3.6444444444444444,7.666666666666667,-3.6222222222222222,3.022222222222222,6.955555555555556,23.133333333333333,2.2
2020-09-23 20:59:00,5.8,-10.311111111111112,3.533333333333333,4.0,-12.955555555555556,-3.466666666666667,7.733333333333333,-3.8222222222222224,3.0,7.155555555555556,23.022222222222222,2.2
2020-09-23 21:00:00,5.977777777777778,-10.444444444444445,3.511111111111111,3.977777777777778,-13.044444444444444,-3.2888888888888888,7.822222222222222,-4.022222222222222,2.933333333333333,7.355555555555555,22.955555555555556,2.2222222222222223
2020-09-23 21:01:00,6.155555555555556,-10.622222222222222,3.466666666666667,3.933333333333333,-13.155555555555555,-3.111111111111111,7.955555555555556,-4.2444444444444445,2.888888888888889,7.511111111111111,22.933333333333334,2.2222222222222223
2020-09-23 21:02:00,6.288888888888889,-10.8,3.4444444444444446,3.8666666666666667,-13.222222222222221,-2.888888888888889,8.11111111111111,-4.466666666666667,2.8444444444444446,7.688888888888889,22.933333333333334,2.2222222222222223
2020-09-23 21:03:00,6.4222222222222225,-11.0,3.4444444444444446,3.7555555555555555,-13.28888888888889,-2.6666666666666665,8.266666666666667,-4.644444444444445,2.8,7.844444444444444,22.91111111111111,2.2
2020-09-23 21:04:00,6.555555555555555,-11.177777777777777,3.422222222222222,3.688888888888889,-13.355555555555556,-2.422222222222222,8.422222222222222,-4.822222222222222,2.7777777777777777,7.955555555555556,22.933333333333334,2.1333333333333333
2020-09-23 21:05:00,6.666666666666667,-11.355555555555556,3.3555555555555556,3.6,-13.444444444444445,-2.2,8.6,-5.0,2.7111111111111112,8.066666666666666,22.933333333333334,2.022222222222222
2020-09-23 21:06:00,6.777777777777778,-11.488888888888889,3.2666666666666666,3.533333333333333,-13.533333333333333,-2.022222222222222,8.777777777777779,-5.177777777777778,2.6222222222222222,8.2,22.933333333333334,1.9333333333333333
2020-09-23 21:07:00,6.844444444444444,-11.577777777777778,3.1555555555555554,3.466666666666667,-13.577777777777778,-1.8444444444444446,8.955555555555556,-5.311111111111111,2.511111111111111,8.311111111111112,22.88888888888889,1.8888888888888888
2020-09-23 21:08:00,6.888888888888889,-11.644444444444444,3.022222222222222,3.4,-13.644444444444444,-1.6222222222222222,9.177777777777777,-5.444444444444445,2.422222222222222,8.422222222222222,22.866666666666667,1.8
2020-09-23 21:09:00,6.911111111111111,-11.71111111111111,2.8666666666666667,3.3555555555555556,-13.71111111111111,-1.4,9.377777777777778,-5.555555555555555,2.3333333333333335,8.533333333333333,22.844444444444445,1.7333333333333334
2020-09-23 21:10:00,6.933333333333334,-11.8,2.7333333333333334,3.2888888888888888,-13.755555555555556,-1.1555555555555554,9.533333333333333,-5.666666666666667,2.2444444444444445,8.644444444444444,22.844444444444445,1.6444444444444444
2020-09-23 21:11:00,6.933333333333334,-11.933333333333334,2.577777777777778,3.2,-13.8,-0.9333333333333333,9.71111111111111,-5.777777777777778,2.1555555555555554,8.777777777777779,22.844444444444445,1.5777777777777777
2020-09-23 21:12:00,6.933333333333334,-12.044444444444444,2.4,3.111111111111111,-13.822222222222223,-0.7111111111111111,9.844444444444445,-5.888888888888889,2.088888888888889,8.911111111111111,22.844444444444445,1.4666666666666666
2020-09-23 21:13:00,6.911111111111111,-12.155555555555555,2.2222222222222223,3.0444444444444443,-13.866666666666667,-0.5333333333333333,9.955555555555556,-6.022222222222222,2.0,9.044444444444444,22.844444444444445,1.3111111111111111
2020-09-23 21:14:00,6.888888888888889,-12.222222222222221,2.088888888888889,2.933333333333333,-13.955555555555556,-0.3333333333333333,10.066666666666666,-6.177777777777778,1.9555555555555555,9.2,22.822222222222223,1.1777777777777778
2020-09-23 21:15:00,6.866666666666666,-12.311111111111112,2.0,2.7777777777777777,-14.0,-0.15555555555555556,10.177777777777777,-6.311111111111111,1.9111111111111112,9.355555555555556,22.8,1.0222222222222221
2020-09-23 21:16:00,6.844444444444444,-12.422222222222222,1.9111111111111112,2.6,-14.066666666666666,-0.022222222222222223,10.28888888888889,-6.4,1.8444444444444446,9.533333333333333,22.77777777777778,0.8888888888888888
2020-09-23 21:17:00,6.777777777777778,-12.577777777777778,1.8444444444444446,2.422222222222222,-14.155555555555555,0.1111111111111111,10.4,-6.488888888888889,1.7333333333333334,9.688888888888888,22.77777777777778,0.7555555555555555
2020-09-23 21:18:00,6.711111111111111,-12.755555555555556,1.7777777777777777,2.2444444444444445,-14.266666666666667,0.2222222222222222,10.488888888888889,-6.533333333333333,1.6222222222222222,9.844444444444445,22.733333333333334,0.6444444444444445
2020-09-23 21:19:00,6.666666666666667,-12.911111111111111,1.711111111111111,2.111111111111111,-14.377777777777778,0.37777777777777777,10.622222222222222,-6.622222222222222,1.511111111111111,9.955555555555556,22.711111111111112,0.5333333333333333
2020-09-23 21:20:00,6.622222222222222,-13.11111111111111,1.6666666666666667,2.0,-14.444444444444445,0.5333333333333333,10.8,-6.7555555555555555,1.4,10.066666666666666,22.733333333333334,0.4222222222222222
2020-09-23 21:21:00,6.622222222222222,-13.28888888888889,1.6,1.8888888888888888,-14.488888888888889,0.6888888888888889,10.955555555555556,-6.888888888888889,1.3333333333333333,10.155555555555555,22.755555555555556,0.3333333333333333
2020-09-23 21:22:00,6.5777777777777775,-13.466666666666667,1.5333333333333334,1.7333333333333334,-14.533333333333333,0.8222222222222222,11.088888888888889,-7.0,1.288888888888889,10.244444444444444,22.77777777777778,0.26666666666666666
2020-09-23 21:23:00,6.533333333333333,-13.6,1.4666666666666666,1.5777777777777777,-14.555555555555555,0.9333333333333333,11.222222222222221,-7.111111111111111,1.2666666666666666,10.333333333333334,22.77777777777778,0.2
2020-09-23 21:24:00,6.488888888888889,-13.755555555555556,1.4,1.4444444444444444,-14.555555555555555,1.0444444444444445,11.355555555555556,-7.266666666666667,1.2666666666666666,10.444444444444445,22.77777777777778,0.08888888888888889
2020-09-23 21:25:00,6.488888888888889,-13.911111111111111,1.3333333333333333,1.3555555555555556,-14.577777777777778,1.1777777777777778,11.488888888888889,-7.4222222222222225,1.3111111111111111,10.555555555555555,22.77777777777778,0.0
2020-09-23 21:26:00,6.511111111111111,-14.11111111111111,1.3111111111111111,1.2222222222222223,-14.577777777777778,1.3333333333333333,11.577777777777778,-7.533333333333333,1.3111111111111111,10.644444444444444,22.8,-0.08888888888888889
2020-09-23 21:27:00,6.5777777777777775,-14.266666666666667,1.3333333333333333,1.0888888888888888,-14.6,1.488888888888889,11.666666666666666,-7.644444444444445,1.288888888888889,10.733333333333333,22.844444444444445,-0.17777777777777778
2020-09-23 21:28:00,6.622222222222222,-14.466666666666667,1.3555555555555556,0.9111111111111111,-14.622222222222222,1.6,11.71111111111111,-7.733333333333333,1.2666666666666666,10.822222222222223,22.88888888888889,-0.24444444444444444
2020-09-23 21:29:00,6.688888888888889,-14.666666666666666,1.4222222222222223,0.7555555555555555,-14.6,1.6888888888888889,11.71111111111111,-7.844444444444444,1.2444444444444445,10.88888888888889,22.933333333333334,-0.3111111111111111
2020-09-23 21:30:00,6.733333333333333,-14.844444444444445,1.4666666666666666,0.6,-14.577777777777778,1.7555555555555555,11.71111111111111,-7.977777777777778,1.2222222222222223,10.977777777777778,22.977777777777778,-0.37777777777777777
2020-09-23 21:31:00,6.822222222222222,-15.044444444444444,1.5333333333333334,0.4,-14.577777777777778,1.7777777777777777,11.688888888888888,-8.11111111111111,1.2222222222222223,11.088888888888889,23.022222222222222,-0.4
2020-09-23 21:32:00,6.911111111111111,-15.222222222222221,1.6,0.2222222222222222,-14.533333333333333,1.8222222222222222,11.644444444444444,-8.244444444444444,1.2222222222222223,11.2,23.066666666666666,-0.4666666666666667
2020-09-23 21:33:00,7.022222222222222,-15.4,1.6666666666666667,0.0,-14.466666666666667,1.8222222222222222,11.577777777777778,-8.4,1.2444444444444445,11.311111111111112,23.133333333333333,-0.5333333333333333
2020-09-23 21:34:00,7.111111111111111,-15.622222222222222,1.7555555555555555,-0.2,-14.444444444444445,1.8444444444444446,11.466666666666667,-8.533333333333333,1.3111111111111111,11.4,23.155555555555555,-0.6
2020-09-23 21:35:00,7.222222222222222,-15.844444444444445,1.8222222222222222,-0.37777777777777777,-14.4,1.8666666666666667,11.377777777777778,-8.666666666666666,1.3555555555555556,11.511111111111111,23.177777777777777,-0.6222222222222222
2020-09-23 21:36:00,7.311111111111111,-16.066666666666666,1.8666666666666667,-0.5777777777777777,-14.333333333333334,1.8888888888888888,11.311111111111112,-8.777777777777779,1.4222222222222223,11.622222222222222,23.2,-0.6444444444444445
2020-09-23 21:37:00,7.355555555555555,-16.31111111111111,1.9333333333333333,-0.8222222222222222,-14.244444444444444,1.8888888888888888,11.244444444444444,-8.88888888888889,1.5333333333333334,11.71111111111111,23.22222222222222,-0.6222222222222222
2020-09-23 21:38:00,7.377777777777778,-16.533333333333335,2.022222222222222,-1.0444444444444445,-14.177777777777777,1.8666666666666667,11.177777777777777,-9.044444444444444,1.6666666666666667,11.755555555555556,23.22222222222222,-0.5555555555555556
2020-09-23 21:39:00,7.355555555555555,-16.711111111111112,2.066666666666667,-1.2444444444444445,-14.11111111111111,1.8444444444444446,11.155555555555555,-9.155555555555555,1.8222222222222222,11.8,23.22222222222222,-0.4666666666666667
2020-09-23 21:40:00,7.355555555555555,-16.88888888888889,2.1333333333333333,-1.4222222222222223,-14.044444444444444,1.8,11.088888888888889,-9.28888888888889,2.0,11.822222222222223,23.2,-0.4
2020-09-23 21:41:00,7.333333333333333,-17.022222222222222,2.1555555555555554,-1.6222222222222222,-13.977777777777778,1.7333333333333334,11.0,-9.4,2.1777777777777776,11.844444444444445,23.133333333333333,-0.3111111111111111
2020-09-23 21:42:00,7.288888888888889,-17.155555555555555,2.1777777777777776,-1.8666666666666667,-13.866666666666667,1.6444444444444444,10.88888888888889,-9.511111111111111,2.3777777777777778,11.822222222222223,23.066666666666666,-0.2
2020-09-23 21:43:00,7.2444444444444445,-17.31111111111111,2.1777777777777776,-2.1333333333333333,-13.733333333333333,1.5555555555555556,10.755555555555556,-9.622222222222222,2.6222222222222222,11.8,23.0,-0.06666666666666667
2020-09-23 21:44:00,7.177777777777778,-17.466666666666665,2.1555555555555554,-2.4,-13.622222222222222,1.488888888888889,10.622222222222222,-9.733333333333333,2.8444444444444446,11.777777777777779,22.88888888888889,0.044444444444444446
2020-09-23 21:45:00,7.111111111111111,-17.57777777777778,2.1333333333333333,-2.688888888888889,-13.511111111111111,1.4444444444444444,10.466666666666667,-9.822222222222223,3.066666666666667,11.8,22.733333333333334,0.17777777777777778
2020-09-23 21:46:00,7.022222222222222,-17.68888888888889,2.1333333333333333,-2.9555555555555557,-13.4,1.4,10.28888888888889,-9.88888888888889,3.2666666666666666,11.866666666666667,22.555555555555557,0.3111111111111111
2020-09-23 21:47:00,6.955555555555556,-17.77777777777778,2.111111111111111,-3.1777777777777776,-13.333333333333334,1.3555555555555556,10.11111111111111,-9.933333333333334,3.466666666666667,11.88888888888889,22.355555555555554,0.4444444444444444
2020-09-23 21:48:00,6.888888888888889,-17.866666666666667,2.0444444444444443,-3.4,-13.266666666666667,1.3333333333333333,9.911111111111111,-9.977777777777778,3.7111111111111112,11.933333333333334,22.133333333333333,0.6
2020-09-23 21:49:00,6.844444444444444,-17.955555555555556,2.0,-3.6222222222222222,-13.155555555555555,1.3111111111111111,9.733333333333333,-10.0,3.9555555555555557,12.0,21.91111111111111,0.8
2020-09-23 21:50:00,6.777777777777778,-18.022222222222222,2.0,-3.8222222222222224,-13.022222222222222,1.3333333333333333,9.577777777777778,-10.0,4.2,12.022222222222222,21.711111111111112,1.0
2020-09-23 21:51:00,6.688888888888889,-18.11111111111111,1.9777777777777779,-4.022222222222222,-12.844444444444445,1.3555555555555556,9.377777777777778,-9.955555555555556,4.444444444444445,12.044444444444444,21.466666666666665,1.1555555555555554
2020-09-23 21:52:00,6.6,-18.22222222222222,2.0,-4.2,-12.71111111111111,1.3555555555555556,9.222222222222221,-9.955555555555556,4.666666666666667,12.066666666666666,21.244444444444444,1.288888888888889
2020-09-23 21:53:00,6.533333333333333,-18.355555555555554,2.066666666666667,-4.355555555555555,-12.577777777777778,1.3333333333333333,9.066666666666666,-9.955555555555556,4.866666666666666,12.11111111111111,21.044444444444444,1.4444444444444444
2020-09-23 21:54:00,6.488888888888889,-18.466666666666665,2.1555555555555554,-4.533333333333333,-12.488888888888889,1.2666666666666666,8.933333333333334,-9.955555555555556,5.088888888888889,12.11111111111111,20.88888888888889,1.5555555555555556
2020-09-23 21:55:00,6.444444444444445,-18.57777777777778,2.2444444444444445,-4.688888888888889,-12.4,1.1777777777777778,8.822222222222223,-9.977777777777778,5.311111111111111,12.088888888888889,20.733333333333334,1.6666666666666667
2020-09-23 21:56:00,6.4222222222222225,-18.68888888888889,2.3333333333333335,-4.8,-12.266666666666667,1.0666666666666667,8.666666666666666,-10.022222222222222,5.555555555555555,12.066666666666666,20.57777777777778,1.7777777777777777
2020-09-23 21:57:00,6.377777777777778,-18.8,2.466666666666667,-4.911111111111111,-12.133333333333333,0.9777777777777777,8.555555555555555,-10.066666666666666,5.7555555555555555,12.044444444444444,20.42222222222222,1.9111111111111112
2020-09-23 21:58:00,6.311111111111111,-18.866666666666667,2.577777777777778,-5.0,-12.0,0.8888888888888888,8.488888888888889,-10.066666666666666,5.955555555555556,12.0,20.266666666666666,2.0444444444444443
2020-09-23 21:59:00,6.2444444444444445,-18.977777777777778,2.6444444444444444,-5.088888888888889,-11.866666666666667,0.8222222222222222,8.422222222222222,-10.022222222222222,6.133333333333334,11.955555555555556,20.155555555555555,2.1777777777777776
